Ensembl,Gene,Gene type,Score,Phenotype,score_candidate
ENSG00000094914,AAAS,protein_coding,known,Achalasia-addisonianism-alacrimia syndrome,known
ENSG00000090861,AARS,protein_coding,2,"Epileptic encephalopathy, early infantile, 29",high_candidate
ENSG00000008311,AASS,protein_coding,known,Hyperlysinemia,known
ENSG00000183044,ABAT,protein_coding,5,GABA-transaminase deficiency,high_candidate
ENSG00000108846,ABCC3,protein_coding,4,Intellectual Disability,high_candidate
ENSG00000006071,ABCC8,protein_coding,known,"Diabetes mellitus, permanent neonatal, with neurologic features",known
ENSG00000069431,ABCC9,protein_coding,known,"Cardiomyopathy, dilated, 1O (CMD1O)",known
ENSG00000101986,ABCD1,protein_coding,known,Adrenoleukodystrophy,known
ENSG00000119688,ABCD4,protein_coding,known,"Methylmalonic aciduria and homocystinuria, cblJ type (MAHCJ)",known
ENSG00000011198,ABHD5,protein_coding,known,Chanarin?Dorfman syndrome (CDS),known
ENSG00000117054,ACADM,protein_coding,93,"Acyl-CoA dehydrogenase, medium chain, deficiency of",high_candidate
ENSG00000122971,ACADS,protein_coding,33,"Acyl-CoA dehydrogenase, short-chain, deficiency of",high_candidate
ENSG00000196177,ACADSB,protein_coding,8,2-methylbutyrylglycinuria,high_candidate
ENSG00000075239,ACAT1,protein_coding,known,Alpha-methylacetoacetic aciduria,known
ENSG00000100412,ACO2,protein_coding,known,Infantile cerebellar?retinal degeneration (ICRD),known
ENSG00000176715,ACSF3,protein_coding,known,"Combined malonic and methylmalonic aciduria (CMAMMA), 614265",known
ENSG00000068366,ACSL4,protein_coding,known,"Mental retardation, X-linked 63",known
ENSG00000075624,ACTB,protein_coding,known,Baraitser-Winter syndrome 1,known
ENSG00000184009,ACTG1,protein_coding,known,Baraitser-Winter syndrome 2 (BRWS2),known
ENSG00000136518,ACTL6A,protein_coding,3,Intellectual Disability,high_candidate
ENSG00000115170,ACVR1,protein_coding,known,Fibrodysplasia ossificans progressiva,known
ENSG00000243989,ACY1,protein_coding,known,Aminoacylase 1 deficiency (ACY1D),known
ENSG00000197859,ADAMTSL2,protein_coding,7,Geleophysic dysplasia 1,high_candidate
ENSG00000160710,ADAR,protein_coding,known,Aicardi-Goutieres syndrome 6 (AGS6),known
ENSG00000213638,ADAT3,protein_coding,known,"Mental retardation, autosomal recessive 36",known
ENSG00000123815,ADCK4,protein_coding,2,Intellectual Disability,high_candidate
ENSG00000101126,ADNP,protein_coding,known,Helsmoortel-van der Aa syndrome,known
ENSG00000239900,ADSL,protein_coding,known,Adenylosuccinase deficiency,known
ENSG00000155966,AFF2,protein_coding,known,"Mental retardation, X-linked, FRAXE type",known
ENSG00000072364,AFF4,protein_coding,known,CHOPS syndrome,known
ENSG00000038002,AGA,protein_coding,known,Aspartylglucosaminuria,known
ENSG00000006530,AGK,protein_coding,known,Sengers syndrome,known
ENSG00000092847,AGO1,protein_coding,3,Intellectual Disability,high_candidate
ENSG00000123908,AGO2,protein_coding,6,Intellectual Disability,high_candidate
ENSG00000169692,AGPAT2,protein_coding,known,"Lipodystrophy, congenital generalized, type 1",known
ENSG00000101444,AHCY,protein_coding,known,Hypermethioninemia with deficiency of S?adenosylhomocysteine hydrolase,known
ENSG00000126705,AHDC1,protein_coding,known,Xia-Gibbs syndrome,known
ENSG00000135541,AHI1,protein_coding,known,Joubert syndrome?3 (JBTS3),known
ENSG00000156709,AIFM1,protein_coding,known,Cowchock syndrome,known
ENSG00000164022,AIMP1,protein_coding,known,"Leukodystrophy, hypomyelinating, 3",known
ENSG00000142208,AKT1,protein_coding,known,Proteus syndrome,known
ENSG00000117020,AKT3,protein_coding,known,Macrocephaly?megalencephaly syndrome,known
ENSG00000059573,ALDH18A1,protein_coding,known,"Cutis laxa, autosomal recessive, type IIIA",known
ENSG00000072210,ALDH3A2,protein_coding,known,Sjogren-Larsson syndrome,known
ENSG00000159423,ALDH4A1,protein_coding,known,"Hyperprolinemia, type II",known
ENSG00000112294,ALDH5A1,protein_coding,known,Succinic semialdehyde dehydrogenase deficiency,known
ENSG00000164904,ALDH7A1,protein_coding,known,"Epilepsy, pyridoxine-dependent",known
ENSG00000136872,ALDOB,protein_coding,known,Fructose intolerance,known
ENSG00000033011,ALG1,protein_coding,known,"Congenital disorder of glycosylation, type Ik",known
ENSG00000253710,ALG11,protein_coding,3,"Congenital disorder of glycosylation, type Ip",high_candidate
ENSG00000182858,ALG12,protein_coding,known,"Congenital disorder of glycosylation, type Ig (CDG1G)",known
ENSG00000101901,ALG13,protein_coding,known,"Congenital disorder of glycosylation, type Is (CDG1S)",known
ENSG00000119523,ALG2,protein_coding,known,"?Congenital disorder of glycosylation, type Ii",known
ENSG00000214160,ALG3,protein_coding,known,"Congenital disorder of glycosylation, type Id (CDG1D)",known
ENSG00000088035,ALG6,protein_coding,known,"Congenital disorder of glycosylation, type Ic",known
ENSG00000116127,ALMS1,protein_coding,20,Alstrom syndrome,high_candidate
ENSG00000180318,ALX1,protein_coding,known,?Frontonasal dysplasia 3,known
ENSG00000156150,ALX3,protein_coding,known,Frontonasal dysplasia 1,known
ENSG00000052850,ALX4,protein_coding,known,Frontonasal dysplasia 2,known
ENSG00000126016,AMOT,protein_coding,2,Intellectual Disability,high_candidate
ENSG00000116337,AMPD2,protein_coding,known,"Pontocerebellar hypoplasia, type 9 (PCH9)",known
ENSG00000145020,AMT,protein_coding,known,Glycine encephalopathy,known
ENSG00000145362,ANK2,protein_coding,3,Intellectual Disability,high_candidate
ENSG00000151150,ANK3,protein_coding,known,"?Mental retardation, autosomal recessive, 37",known
ENSG00000154122,ANKH,protein_coding,2,Intellectual Disability,high_candidate
ENSG00000167522,ANKRD11,protein_coding,known,KBG syndrome,known
ENSG00000131620,ANO1,protein_coding,2,Intellectual Disability,high_candidate
ENSG00000160746,ANO10,protein_coding,known,"Spinocerebellar ataxia, autosomal recessive 10",known
ENSG00000182287,AP1S2,protein_coding,known,"Mental retardation, X-linked syndromic 5",known
ENSG00000132842,AP3B1,protein_coding,known,Hermansky-Pudlak syndrome 2,known
ENSG00000185009,AP3M1,protein_coding,2,Intellectual Disability,high_candidate
ENSG00000134262,AP4B1,protein_coding,known,"Spastic paraplegia 47, autosomal recessive",known
ENSG00000221838,AP4M1,protein_coding,known,"Spastic paraplegia 50, autosomal recessive",known
ENSG00000100478,AP4S1,protein_coding,known,"Spastic paraplegia 52, autosomal recessive",known
ENSG00000256053,APOPT1,protein_coding,known,Mitochondrial complex IV deficiency,known
ENSG00000137074,APTX,protein_coding,known,"Ataxia, early-onset, with oculomotor apraxia and hypoalbuminemia",known
ENSG00000124198,ARFGEF2,protein_coding,known,Periventricular heterotopia with microcephaly,known
ENSG00000118520,ARG1,protein_coding,known,Argininemia,known
ENSG00000198826,ARHGAP11A,protein_coding,known,Macrocephaly?megalencephaly syndrome,known
ENSG00000031081,ARHGAP31,protein_coding,known,Adams-Oliver syndrome 1,known
ENSG00000131089,ARHGEF9,protein_coding,known,"Epileptic encephalopathy, early infantile, 8",known
ENSG00000117713,ARID1A,protein_coding,known,Coffin-Siris syndrome 2,known
ENSG00000049618,ARID1B,protein_coding,known,"Mental retardation, autosomal dominant 12 (MRD12)",known
ENSG00000166233,ARIH1,protein_coding,2,Intellectual Disability,high_candidate
ENSG00000169379,ARL13B,protein_coding,known,Joubert syndrome 8 (JBTS8),known
ENSG00000113966,ARL6,protein_coding,known,"{Bardet-Biedl syndrome 1, modifier of}",known
ENSG00000100299,ARSA,protein_coding,known,Metachromatic leukodystrophy,known
ENSG00000113273,ARSB,protein_coding,known,Mucopolysaccharidosis type VI (Maroteaux-Lamy),known
ENSG00000157399,ARSE,protein_coding,known,"Chondrodysplasia punctata, X-linked recessive",known
ENSG00000004848,ARX,protein_coding,known,"Epileptic encephalopathy, early infantile, 1",known
ENSG00000104763,ASAH1,protein_coding,known,Farber lipogranulomatosis,known
ENSG00000126522,ASL,protein_coding,known,Argininosuccinic aciduria,known
ENSG00000070669,ASNS,protein_coding,known,Asparagine synthetase deficiency (ASNSD),known
ENSG00000108381,ASPA,protein_coding,known,Canavan disease,known
ENSG00000066279,ASPM,protein_coding,known,"Microcephaly 5, primary, autosomal recessive",known
ENSG00000130707,ASS1,protein_coding,known,Citrullinemia,known
ENSG00000171456,ASXL1,protein_coding,known,Bohring-Opitz syndrome,known
ENSG00000141431,ASXL3,protein_coding,known,Bainbridge?Ropers syndrome (BRPS),known
ENSG00000167654,ATCAY,protein_coding,2,"Ataxia, cerebellar, Cayman type",high_candidate
ENSG00000138363,ATIC,protein_coding,known,AICA-ribosiduria due to ATIC deficiency,known
ENSG00000149311,ATM,protein_coding,known,Ataxia-telangiectasia,known
ENSG00000159363,ATP13A2,protein_coding,known,"?Ceroid lipofuscinosis, neuronal, 12",known
ENSG00000018625,ATP1A2,protein_coding,known,Alternating hemiplegia of childhood 1,known
ENSG00000105409,ATP1A3,protein_coding,48,Alternating hemiplegia of childhood 2,high_candidate
ENSG00000174437,ATP2A2,protein_coding,known,Darier disease,known
ENSG00000124172,ATP5E,protein_coding,known,"Mitochondrial complex V (ATP synthase) deficiency, nuclear type 3",known
ENSG00000182220,ATP6AP2,protein_coding,known,"Mental retardation, X-linked, syndromic, Hedera type",known
ENSG00000185344,ATP6V0A2,protein_coding,known,"Cutis laxa, autosomal recessive, type IIA",known
ENSG00000165240,ATP7A,protein_coding,known,Menkes disease,known
ENSG00000124406,ATP8A1,protein_coding,4,Intellectual Disability,high_candidate
ENSG00000132932,ATP8A2,protein_coding,known,"?Cerebellar ataxia, mental retardation, and dysequilibrium syndrome 4",known
ENSG00000081923,ATP8B1,protein_coding,2,Intellectual Disability,high_candidate
ENSG00000175054,ATR,protein_coding,known,"Cutaneous telangiectasia and cancer syndrome, familial",known
ENSG00000085224,ATRX,protein_coding,known,Alpha-thalassemia/mental retardation syndrome,known
ENSG00000148090,AUH,protein_coding,known,"3-methylglutaconic aciduria, type I",known
ENSG00000158321,AUTS2,protein_coding,known,"Mental retardation, autosomal dominant 26",known
ENSG00000126895,AVPR2,protein_coding,known,"Diabetes insipidus, nephrogenic",known
ENSG00000162885,B3GALNT2,protein_coding,6,"Muscular dystrophy-dystroglycanopathy (congenital with brain and eye anomalies, type A, 11",high_candidate
ENSG00000149541,B3GAT3,protein_coding,known,"Multiple joint dislocations, short stature, craniofacial dysmorphism, with or without congenital heart defects",known
ENSG00000135454,B4GALNT1,protein_coding,known,"Spastic paraplegia 26, autosomal recessive",known
ENSG00000027847,B4GALT7,protein_coding,known,Ehlers-Danlos syndrome with short stature and limb anomalies,known
ENSG00000174483,BBS1,protein_coding,known,Bardet-Biedl syndrome 1,known
ENSG00000179941,BBS10,protein_coding,known,Bardet?Biedl syndrome 10 (BBS10),known
ENSG00000181004,BBS12,protein_coding,known,Bardet?Biedl syndrome 12 (BBS12),known
ENSG00000125124,BBS2,protein_coding,known,Bardet-Biedl syndrome 2,known
ENSG00000140463,BBS4,protein_coding,known,Bardet?Biedl syndrome 4 (BBS4),known
ENSG00000163093,BBS5,protein_coding,known,Bardet?Biedl syndrome 5 (BBS5),known
ENSG00000138686,BBS7,protein_coding,known,Bardet?Biedl syndrome 7 (BBS7),known
ENSG00000122507,BBS9,protein_coding,known,Bardet-Biedl syndrome 9,known
ENSG00000185825,BCAP31,protein_coding,known,"Deafness, dystonia, and cerebral hypomyelination",known
ENSG00000248098,BCKDHA,protein_coding,known,"Maple syrup urine disease, type Ia",known
ENSG00000083123,BCKDHB,protein_coding,known,"Maple syrup urine disease, type Ib",known
ENSG00000103507,BCKDK,protein_coding,known,Branched-chain ketoacid dehydrogenase kinase deficiency,known
ENSG00000183337,BCOR,protein_coding,known,"Microphthalmia, syndromic 2",known
ENSG00000074582,BCS1L,protein_coding,known,Bjornstad syndrome,known
ENSG00000197299,BLM,protein_coding,known,Bloom syndrome (BLM),known
ENSG00000125378,BMP4,protein_coding,3,"Microphthalmia, syndromic 6",high_candidate
ENSG00000164619,BMPER,protein_coding,10,Diaphanospondylodysostosis,high_candidate
ENSG00000163170,BOLA3,protein_coding,2,Multiple mitochondrial dysfunctions syndrome 2 with hyperglycinemia,high_candidate
ENSG00000157764,BRAF,protein_coding,known,Cardiofaciocutaneous syndrome,known
ENSG00000106009,BRAT1,protein_coding,6,"Rigidity and multifocal seizure syndrome, lethal neonatal",high_candidate
ENSG00000185024,BRF1,protein_coding,known,Cerebellofaciodental syndrome,known
ENSG00000165288,BRWD3,protein_coding,known,"Mental retardation, X-linked 93",known
ENSG00000168000,BSCL2,protein_coding,known,"Lipodystrophy, congenital generalized, type 2 (CGL2)",known
ENSG00000162399,BSND,protein_coding,known,"Bartter syndrome, type 4a",known
ENSG00000169814,BTD,protein_coding,known,Biotinidase deficiency,known
ENSG00000156970,BUB1B,protein_coding,known,Mosaic variegated aneuploidy syndrome 1,known
ENSG00000111678,C12orf57,protein_coding,known,Temtamy syndrome,known
ENSG00000130921,C12orf65,protein_coding,known,"Spastic paraplegia 55, autosomal recessive",known
ENSG00000168014,C2CD3,protein_coding,known,Orofaciodigital syndrome XIV,known
ENSG00000197603,C5orf42,protein_coding,43,Joubert syndrome 17 (JBTS17),high_candidate
ENSG00000178538,CA8,protein_coding,known,Cerebellar ataxia and mental retardation with or without quadrupedal locomotion 3,known
ENSG00000141837,CACNA1A,protein_coding,9,"Epileptic encephalopathy, early infantile, 42",high_candidate
ENSG00000157388,CACNA1D,protein_coding,2,"Primary aldosteronism, seizures, and neurologic abnormalities",high_candidate
ENSG00000100346,CACNA1I,protein_coding,2,Intellectual Disability,high_candidate
ENSG00000171735,CAMTA1,protein_coding,known,"Cerebellar ataxia, nonprogressive, with mental retardation",known
ENSG00000171302,CANT1,protein_coding,known,Desbuquois dysplasia 1,known
ENSG00000137812,CASC5,protein_coding,known,"Microcephaly 4, primary, autosomal recessive",known
ENSG00000147044,CASK,protein_coding,known,Mental retardation and microcephaly with pontine and cerebellar hypoplasia,known
ENSG00000110395,CBL,protein_coding,known,Noonan syndrome?like disorder with or without juvenile myelomonocytic leukemia (NSLL),known
ENSG00000160200,CBS,protein_coding,known,"Homocystinuria, B6-responsive and nonresponsive types",known
ENSG00000048342,CC2D2A,protein_coding,known,COACH syndrome,known
ENSG00000183287,CCBE1,protein_coding,known,Hennekam lymphangiectasia-lymphedema syndrome 1,known
ENSG00000015133,CCDC88C,protein_coding,known,"Hydrocephalus, nonsyndromic, autosomal recessive",known
ENSG00000118971,CCND2,protein_coding,6,Megalencephaly-polymicrogyria-polydactyly-hydrocephalus syndrome 3,high_candidate
ENSG00000153283,CD96,protein_coding,known,C syndrome,known
ENSG00000129910,CDH15,protein_coding,known,"Mental retardation, autosomal dominant 3",known
ENSG00000071991,CDH19,protein_coding,3,Intellectual Disability,high_candidate
ENSG00000065883,CDK13,protein_coding,2,Intellectual Disability,high_candidate
ENSG00000136861,CDK5RAP2,protein_coding,known,"Microcephaly 3, primary, autosomal recessive",known
ENSG00000105810,CDK6,protein_coding,known,"Microcephaly 12, primary, autosomal recessive",known
ENSG00000008086,CDKL5,protein_coding,known,"Epileptic encephalopathy, early infantile, 2",known
ENSG00000064309,CDON,protein_coding,known,Holoprosencephaly 11 (HPE11),known
ENSG00000167513,CDT1,protein_coding,known,Meier-Gorlin syndrome 4,known
ENSG00000151849,CENPJ,protein_coding,known,"Microcephaly 6, primary, autosomal recessive",known
ENSG00000174799,CEP135,protein_coding,known,"Microcephaly 8, primary, autosomal recessive (MCPH8)",known
ENSG00000103995,CEP152,protein_coding,known,"Microcephaly 9, primary, autosomal recessive",known
ENSG00000198707,CEP290,protein_coding,known,Bardet?Biedl syndrome 14 (BBS14),known
ENSG00000111860,CEP85L,protein_coding,5,Intellectual Disability,high_candidate
ENSG00000223802,CERS1,protein_coding,known,"Epilepsy, progressive myoclonic, 8",known
ENSG00000198824,CHAMP1,protein_coding,known,intellectual disability with severe speech impairment,known
ENSG00000173575,CHD2,protein_coding,known,"Epileptic encephalopathy, childhood?onset (EEOC)",known
ENSG00000171316,CHD7,protein_coding,known,CHARGE syndrome,known
ENSG00000100888,CHD8,protein_coding,known,"{Autism, susceptibility to, 18}",known
ENSG00000100288,CHKB,protein_coding,known,"Muscular dystrophy, congenital, megaconial type (MDCMC)",known
ENSG00000131165,CHMP1A,protein_coding,known,"Pontocerebellar hypoplasia, type 8",known
ENSG00000138435,CHRNA1,protein_coding,9,Intellectual Disability,high_candidate
ENSG00000169105,CHST14,protein_coding,7,"Ehlers-Danlos syndrome, musculocontractural type 1",high_candidate
ENSG00000169607,CKAP2L,protein_coding,known,Filippi syndrome,known
ENSG00000188037,CLCN1,protein_coding,2,Intellectual Disability,high_candidate
ENSG00000073464,CLCN4,protein_coding,known,"Mental retardation, X-linked 49/15",known
ENSG00000103249,CLCN7,protein_coding,2,Intellectual Disability,high_candidate
ENSG00000186510,CLCNKA,protein_coding,known,"Bartter syndrome, type 4b, digenic",known
ENSG00000184908,CLCNKB,protein_coding,known,"Bartter syndrome, type 3",known
ENSG00000155962,CLIC2,protein_coding,known,"?Mental retardation, X-linked, syndromic 32",known
ENSG00000188603,CLN3,protein_coding,known,"Ceroid lipofuscinosis, neuronal, 3",known
ENSG00000102805,CLN5,protein_coding,known,"Ceroid lipofuscinosis, neuronal, 5",known
ENSG00000128973,CLN6,protein_coding,known,"Ceroid lipofuscinosis, neuronal, Kufs type, adult onset",known
ENSG00000182372,CLN8,protein_coding,known,"Ceroid lipofuscinosis, neuronal, 8, Northern epilepsy variant",known
ENSG00000162129,CLPB,protein_coding,known,"3-methylglutaconic aciduria, type VII, with cataracts, neurologic involvement and neutropenia",known
ENSG00000144191,CNGA3,protein_coding,12,Achromatopsia-2,high_candidate
ENSG00000148842,CNNM2,protein_coding,known,"Hypomagnesemia 6, renal",known
ENSG00000174469,CNTNAP2,protein_coding,known,{Autism susceptibility 15},known
ENSG00000183978,COA3,protein_coding,known,Mitochondrial complex IV deficiency,known
ENSG00000133103,COG6,protein_coding,known,"Congenital disorder of glycosylation, type 2l",known
ENSG00000213380,COG8,protein_coding,known,"Congenital disorder of glycosylation, type IIh",known
ENSG00000204248,COL11A2,protein_coding,known,Macrocephaly?megalencephaly syndrome,known
ENSG00000187498,COL4A1,protein_coding,known,Porencephaly 1 (POREN1),known
ENSG00000134871,COL4A2,protein_coding,known,Porencephaly 2 (POREN2),known
ENSG00000188153,COL4A5,protein_coding,known,Alport syndrome,known
ENSG00000118004,COLEC11,protein_coding,known,3MC syndrome 2,known
ENSG00000166200,COPS2,protein_coding,2,Intellectual Disability,high_candidate
ENSG00000173085,COQ2,protein_coding,known,"Coenzyme Q10 deficiency, primary, 1",known
ENSG00000102879,CORO1A,protein_coding,3,Immunodeficiency 8,high_candidate
ENSG00000006695,COX10,protein_coding,known,Mitochondrial complex IV deficiency,known
ENSG00000178449,COX14,protein_coding,known,Mitochondrial complex IV deficiency,known
ENSG00000014919,COX15,protein_coding,known,"Cardioencephalomyopathy, fatal infantile, due to cytochrome c oxidase deficiency 2 (CEMCOX2)",known
ENSG00000203667,COX20,protein_coding,known,Mitochondrial complex IV deficiency,known
ENSG00000126267,COX6B1,protein_coding,known,Mitochondrial complex IV deficiency,known
ENSG00000131174,COX7B,protein_coding,3,Linear skin defects with multiple congenital anomalies 2,high_candidate
ENSG00000176340,COX8A,protein_coding,known,Mitochondrial complex IV deficiency,known
ENSG00000107864,CPEB3,protein_coding,2,Intellectual Disability,high_candidate
ENSG00000106034,CPED1,protein_coding,2,Intellectual Disability,high_candidate
ENSG00000021826,CPS1,protein_coding,known,Carbamoylphosphate synthetase I deficiency,known
ENSG00000169372,CRADD,protein_coding,known,"Mental retardation, autosomal recessive 34",known
ENSG00000113851,CRBN,protein_coding,known,"Mental retardation, autosomal recessive 2 (MRT2)",known
ENSG00000005339,CREBBP,protein_coding,known,Rubinstein-Taybi syndrome,known
ENSG00000104218,CSPP1,protein_coding,known,Joubert syndrome 21,known
ENSG00000102974,CTCF,protein_coding,known,"Mental retardation, autosomal dominant 21",known
ENSG00000060069,CTDP1,protein_coding,known,"Congenital cataracts, facial dysmorphism, and neuropathy",known
ENSG00000066032,CTNNA2,protein_coding,2,Intellectual Disability,high_candidate
ENSG00000168036,CTNNB1,protein_coding,known,Medulloblastoma,known
ENSG00000064601,CTSA,protein_coding,known,Galactosialidosis,known
ENSG00000117984,CTSD,protein_coding,known,"Ceroid lipofuscinosis, neuronal, 10 (CLN10)",known
ENSG00000077063,CTTNBP2,protein_coding,2,Intellectual Disability,high_candidate
ENSG00000158290,CUL4B,protein_coding,known,"Mental retardation, X-linked, syndromic 15 (Cabezas type)",known
ENSG00000111249,CUX2,protein_coding,2,Intellectual Disability,high_candidate
ENSG00000095485,CWF19L1,protein_coding,known,"Spinocerebellar ataxia, autosomal recessive 17",known
ENSG00000019186,CYP24A1,protein_coding,known,"Hypercalcemia, infantile, 1",known
ENSG00000135929,CYP27A1,protein_coding,known,Cerebrotendinous xanthomatosis,known
ENSG00000180902,D2HGDH,protein_coding,known,D-2-hydroxyglutaric aciduria,known
ENSG00000173402,DAG1,protein_coding,known,"Muscular dystrophy-dystroglycanopathy (limb-girdle), type C, 9",known
ENSG00000117593,DARS2,protein_coding,known,Leukoencephalopathy with brain stem and spinal cord involvement and lactate elevation,known
ENSG00000137992,DBT,protein_coding,known,"Maple syrup urine disease, type II",known
ENSG00000115827,DCAF17,protein_coding,known,Woodhouse-Sakati syndrome,known
ENSG00000166341,DCHS1,protein_coding,known,Van Maldergem syndrome 1,known
ENSG00000077279,DCX,protein_coding,known,"Subcortical laminal heteropia, X-linked",known
ENSG00000132437,DDC,protein_coding,13,Aromatic L-amino acid decarboxylase deficiency,high_candidate
ENSG00000085788,DDHD2,protein_coding,known,"Spastic paraplegia 54, autosomal recessive",known
ENSG00000162733,DDR2,protein_coding,4,"Spondylometaepiphyseal dysplasia, short limb-hand type",high_candidate
ENSG00000013573,DDX11,protein_coding,known,Warsaw breakage syndrome (WABS),known
ENSG00000215301,DDX3X,protein_coding,known,"MENTAL RETARDATION, X-LINKED 102",known
ENSG00000118197,DDX59,protein_coding,known,Orofaciodigital syndrome V,known
ENSG00000177030,DEAF1,protein_coding,known,"Mental retardation, autosomal dominant 24",known
ENSG00000116133,DHCR24,protein_coding,known,Desmosterolosis,known
ENSG00000172893,DHCR7,protein_coding,known,Smith-Lemli-Opitz syndrome,known
ENSG00000228716,DHFR,protein_coding,known,Megaloblastic anemia due to dihydrofolate reductase deficiency,known
ENSG00000181192,DHTKD1,protein_coding,known,2-aminoadipic 2-oxoadipic aciduria,known
ENSG00000144535,DIS3L2,protein_coding,5,Perlman syndrome,high_candidate
ENSG00000130826,DKC1,protein_coding,known,"Dyskeratosis congenita, X-linked",known
ENSG00000150768,DLAT,protein_coding,known,Pyruvate dehydrogenase E2 deficiency,known
ENSG00000091140,DLD,protein_coding,known,Dihydrolipoamide dehydrogenase deficiency (DLDD),known
ENSG00000082458,DLG3,protein_coding,known,"Mental retardation, X?linked 90 (MRX90)",known
ENSG00000132535,DLG4,protein_coding,6,Intellectual Disability,high_candidate
ENSG00000198947,DMD,protein_coding,known,Duchenne muscular dystrophy,known
ENSG00000104936,DMPK,protein_coding,known,Myotonic dystrophy 1 (DM1),known
ENSG00000104093,DMXL2,protein_coding,known,Polyendocrine-polyneuropathy syndrome,known
ENSG00000138346,DNA2,protein_coding,known,Seckel syndrome 8,known
ENSG00000205981,DNAJC19,protein_coding,known,"3-methylglutaconic aciduria, type V",known
ENSG00000106976,DNM1,protein_coding,known,"Epileptic encephalopathy, early infantile, 31",known
ENSG00000088305,DNMT3B,protein_coding,known,Immunodeficiency-centromeric instability-facial anomalies syndrome 1,known
ENSG00000130158,DOCK6,protein_coding,known,Adams-Oliver syndrome 2,known
ENSG00000116641,DOCK7,protein_coding,4,"Epileptic encephalopathy, early infantile, 23",high_candidate
ENSG00000167130,DOLPP1,protein_coding,3,Intellectual Disability,high_candidate
ENSG00000172269,DPAGT1,protein_coding,known,"Congenital disorder of glycosylation, type Ij (CDG1J)",known
ENSG00000000419,DPM1,protein_coding,known,"Congenital disorder of glycosylation, type Ie",known
ENSG00000136908,DPM2,protein_coding,2,"Congenital disorder of glycosylation, type Iu",high_candidate
ENSG00000188641,DPYD,protein_coding,known,Dihydropyrimidine dehydrogenase deficiency,known
ENSG00000147647,DPYS,protein_coding,known,Dihydropyrimidinuria,known
ENSG00000197102,DYNC1H1,protein_coding,known,"Mental retardation, autosomal dominant 13",known
ENSG00000187240,DYNC2H1,protein_coding,22,Intellectual Disability,high_candidate
ENSG00000157540,DYRK1A,protein_coding,known,"Mental retardation, autosomal dominant 7",known
ENSG00000103356,EARS2,protein_coding,5,Combined oxidative phosphorylation deficiency 12,high_candidate
ENSG00000147155,EBP,protein_coding,known,"Chondrodysplasia punctata, X?linked dominant (CDPX2),",known
ENSG00000127884,ECHS1,protein_coding,4,Mitochondrial short-chain enoyl-CoA hydratase 1 deficiency,high_candidate
ENSG00000158813,EDA,protein_coding,known,"Ectodermal dysplasia 1, hypohidrotic, X-linked",known
ENSG00000179151,EDC3,protein_coding,known,"Mental retardation, autosomal recessive 50",known
ENSG00000101210,EEF1A2,protein_coding,known,"Mental retardation, autosomal dominant 38",known
ENSG00000090776,EFNB1,protein_coding,14,Craniofrontonasal dysplasia,high_candidate
ENSG00000108883,EFTUD2,protein_coding,known,"Mandibulofacial dysostosis, Guion-Almeida type",known
ENSG00000138798,EGF,protein_coding,known,"Hypomagnesemia 4, renal",known
ENSG00000181090,EHMT1,protein_coding,known,Kleefstra syndrome,known
ENSG00000172071,EIF2AK3,protein_coding,known,Wolcott-Rallison syndrome,known
ENSG00000115211,EIF2B4,protein_coding,8,Intellectual Disability,high_candidate
ENSG00000006744,ELAC2,protein_coding,4,Combined oxidative phosphorylation deficiency 17,high_candidate
ENSG00000118402,ELOVL4,protein_coding,known,"Ichthyosis, spastic quadriplegia, and mental retardation",known
ENSG00000102119,EMD,protein_coding,known,"Emery-Dreifuss muscular dystrophy 1, X-linked",known
ENSG00000138185,ENTPD1,protein_coding,known,"Spastic paraplegia 64, autosomal recessive",known
ENSG00000100393,EP300,protein_coding,known,Rubinstein-Taybi syndrome 2,known
ENSG00000152223,EPG5,protein_coding,8,Intellectual Disability,high_candidate
ENSG00000104884,ERCC2,protein_coding,known,"Trichothiodystrophy 1, photosensitive",known
ENSG00000163161,ERCC3,protein_coding,known,"Xeroderma pigmentosum, group B",known
ENSG00000134899,ERCC5,protein_coding,known,"Xeroderma pigmentosum, group G (XPG)",known
ENSG00000225830,ERCC6,protein_coding,known,Cerebrooculofacioskeletal syndrome 1,known
ENSG00000049167,ERCC8,protein_coding,known,"Cockayne syndrome, type A",known
ENSG00000147475,ERLIN2,protein_coding,known,"Spastic paraplegia 18, autosomal recessive",known
ENSG00000171320,ESCO2,protein_coding,known,SC phocomelia syndrome,known
ENSG00000105755,ETHE1,protein_coding,known,Ethylmalonic encephalopathy (EE),known
ENSG00000107371,EXOSC3,protein_coding,known,"Pontocerebellar hypoplasia, type 1B (PCH1B)",known
ENSG00000104313,EYA1,protein_coding,known,Otofaciocervical syndrome,known
ENSG00000106462,EZH2,protein_coding,known,Weaver syndrome (WVS),known
ENSG00000103089,FA2H,protein_coding,known,"Spastic paraplegia 35, autosomal recessive",known
ENSG00000122591,FAM126A,protein_coding,known,"Leukodystrophy, hypomyelinating, 5",known
ENSG00000151327,FAM177A1,protein_coding,known,Macrocephaly?megalencephaly syndrome,known
ENSG00000163946,FAM208A,protein_coding,2,Intellectual Disability,high_candidate
ENSG00000108950,FAM20A,protein_coding,known,"Amelogenesis imperfecta, type IG (enamel-renal syndrome)",known
ENSG00000197852,FAM212B,protein_coding,2,Intellectual Disability,high_candidate
ENSG00000197601,FAR1,protein_coding,known,Peroxisomal fatty acyl-CoA reductase 1 disorder,known
ENSG00000118246,FASTKD2,protein_coding,known,Mitochondrial complex IV deficiency,known
ENSG00000196159,FAT4,protein_coding,2,Hennekam lymphangiectasia-lymphedema syndrome 2,high_candidate
ENSG00000166147,FBN1,protein_coding,known,"Contractural arachnodactyly, congenital",known
ENSG00000112234,FBXL4,protein_coding,7,Mitochondrial DNA depletion syndrome 13 (encephalomyopathic type),high_candidate
ENSG00000138081,FBXO11,protein_coding,3,Intellectual Disability,high_candidate
ENSG00000103264,FBXO31,protein_coding,known,"?Mental retardation, autosomal recessive 45",known
ENSG00000102302,FGD1,protein_coding,known,Aarskog-Scott syndrome,known
ENSG00000102466,FGF14,protein_coding,known,Spinocerebellar ataxia 27,known
ENSG00000077782,FGFR1,protein_coding,known,Hartsfield syndrome,known
ENSG00000066468,FGFR2,protein_coding,known,Antley-Bixler syndrome without genital anomalies or disordered steroidogenesis,known
ENSG00000068078,FGFR3,protein_coding,known,CATSHL syndrome,known
ENSG00000091483,FH,protein_coding,known,Fumarase deficiency (FMRD),known
ENSG00000181027,FKRP,protein_coding,known,"Muscular dystrophy-dystroglycanopathy (congenital with brain and eye anomalies), type A, 5",known
ENSG00000106692,FKTN,protein_coding,known,"Muscular dystrophy-dystroglycanopathy (congenital with brain and eye anomalies), type A, 4",known
ENSG00000196924,FLNA,protein_coding,known,FG syndrome 2,known
ENSG00000162769,FLVCR1,protein_coding,known,"Ataxia, posterior column, with retinitis pigmentosa",known
ENSG00000155816,FMN2,protein_coding,known,"Mental retardation, autosomal recessive 47 (MRT47)",known
ENSG00000102081,FMR1,protein_coding,known,Fragile X syndrome,known
ENSG00000110195,FOLR1,protein_coding,known,Neurodegeneration due to cerebral folate transport deficiency,known
ENSG00000176165,FOXG1,protein_coding,known,"Rett syndrome, congenital variant",known
ENSG00000114861,FOXP1,protein_coding,known,Mental retardation with language impairment and with or without autistic features,known
ENSG00000128573,FOXP2,protein_coding,known,Speech-language disorder-1,known
ENSG00000110074,FOXRED1,protein_coding,3,Intellectual Disability,high_candidate
ENSG00000138759,FRAS1,protein_coding,known,Fraser syndrome,known
ENSG00000150893,FREM2,protein_coding,known,Fraser syndrome,known
ENSG00000160282,FTCD,protein_coding,known,Glutamate formiminotransferase deficiency,known
ENSG00000140718,FTO,protein_coding,known,"Growth retardation, developmental delay, coarse facies, and early death (GDFD)",known
ENSG00000179163,FUCA1,protein_coding,known,Fucosidosis,known
ENSG00000022355,GABRA1,protein_coding,known,"Epileptic encephalopathy, early infantile, 19 (EIEE19)",known
ENSG00000145864,GABRB2,protein_coding,2,Intellectual Disability,high_candidate
ENSG00000128683,GAD1,protein_coding,known,"?Cerebral palsy, spastic quadriplegic, 1",known
ENSG00000117308,GALE,protein_coding,known,Galactose epimerase deficiency,known
ENSG00000213930,GALT,protein_coding,known,Galactosemia,known
ENSG00000130005,GAMT,protein_coding,known,Cerebral creatine deficiency syndrome 2,known
ENSG00000143614,GATAD2B,protein_coding,known,"Mental retardation, autosomal dominant 18",known
ENSG00000171766,GATM,protein_coding,known,Cerebral creatine deficiency syndrome 3 (CCDS3),known
ENSG00000131979,GCH1,protein_coding,known,"Hyperphenylalaninemia, BH4-deficient, B",known
ENSG00000106633,GCK,protein_coding,4,"Diabetes mellitus, permanent neonatal, with neurologic features",high_candidate
ENSG00000140905,GCSH,protein_coding,known,Glycine encephalopathy,known
ENSG00000203879,GDI1,protein_coding,known,"Mental retardation, X-linked 41",known
ENSG00000131095,GFAP,protein_coding,known,Alexander disease (ALXDRD),known
ENSG00000152661,GJA1,protein_coding,known,"Craniometaphyseal dysplasia, autosomal recessive",known
ENSG00000169562,GJB1,protein_coding,known,"Charcot?Marie?Tooth neuropathy, X?linked dominant, 1 (CMTX1)",known
ENSG00000198835,GJC2,protein_coding,known,"Leukodystrophy, hypomyelinating, 2",known
ENSG00000198814,GK,protein_coding,known,Glycerol kinase deficiency,known
ENSG00000170266,GLB1,protein_coding,known,"GM1-gangliosidosis, type III",known
ENSG00000178445,GLDC,protein_coding,known,Glycine encephalopathy,known
ENSG00000074047,GLI2,protein_coding,known,Holoprosencephaly?9 (HPE9),known
ENSG00000106571,GLI3,protein_coding,known,Greig cephalopolysyndactyly syndrome,known
ENSG00000148672,GLUD1,protein_coding,known,Hyperinsulinism-hyperammonemia syndrome,known
ENSG00000135821,GLUL,protein_coding,5,"Glutamine deficiency, congenital",high_candidate
ENSG00000168237,GLYCTK,protein_coding,known,D-glyceric aciduria,known
ENSG00000196743,GM2A,protein_coding,known,"GM2?gangliosidosis, AB variant",known
ENSG00000144591,GMPPA,protein_coding,known,"Alacrima, achalasia, and mental retardation syndrome",known
ENSG00000173540,GMPPB,protein_coding,known,"Muscular dystrophy-dystroglycanopathy (congenital with brain and eye anomalies), type A, 14",known
ENSG00000087258,GNAO1,protein_coding,known,"Epileptic encephalopathy, early infantile, 17 (EIEE17)",known
ENSG00000087460,GNAS,protein_coding,known,Pseudohypoparathyroidism Ia,known
ENSG00000078369,GNB1,protein_coding,known,"Mental retardation, autosomal dominant 42",known
ENSG00000159921,GNE,protein_coding,3,Sialuria,high_candidate
ENSG00000116906,GNPAT,protein_coding,known,"Rhizomelic chondrodysplasia punctata, type 2",known
ENSG00000111670,GNPTAB,protein_coding,known,Mucolipidosis II alpha/beta,known
ENSG00000090581,GNPTG,protein_coding,known,Mucolipidosis III gamma,known
ENSG00000135677,GNS,protein_coding,known,Mucopolysaccharidosis type IIID,known
ENSG00000120370,GORAB,protein_coding,known,Geroderma osteodysplasticum,known
ENSG00000147257,GPC3,protein_coding,known,"Simpson-Golabi-Behmel syndrome, type 1",known
ENSG00000183098,GPC6,protein_coding,known,Omodysplasia 1,known
ENSG00000105220,GPI,protein_coding,known,"Hemolytic anemia, nonspherocytic, due to glucose phosphate isomerase deficiency",known
ENSG00000139572,GPR84,protein_coding,2,Intellectual Disability,high_candidate
ENSG00000166123,GPT2,protein_coding,known,"Mental retardation, autosomal recessive 49",known
ENSG00000125675,GRIA3,protein_coding,known,"Mental retardation, X-linked 94",known
ENSG00000164418,GRIK2,protein_coding,known,"Mental retardation, autosomal recessive, 6",known
ENSG00000176884,GRIN1,protein_coding,known,"Mental retardation, autosomal dominant 8",known
ENSG00000183454,GRIN2A,protein_coding,known,"Epilepsy, focal, with speech disorder and with or without mental retardation",known
ENSG00000273079,GRIN2B,protein_coding,known,"Mental retardation, autosomal dominant 6",known
ENSG00000155974,GRIP1,protein_coding,known,Fraser syndrome,known
ENSG00000100983,GSS,protein_coding,known,"Hemolytic anemia due to glutathione synthetase deficiency,",known
ENSG00000272047,GTF2H5,protein_coding,known,"Trichothiodystrophy, complementation group A",known
ENSG00000130299,GTPBP3,protein_coding,6,Combined oxidative phosphorylation deficiency 23,high_candidate
ENSG00000132518,GUCY2D,protein_coding,known,Leber congenital amaurosis 1,known
ENSG00000169919,GUSB,protein_coding,known,Mucopolysaccharidosis VII,known
ENSG00000148702,HABP2,protein_coding,2,Intellectual Disability,high_candidate
ENSG00000084754,HADHA,protein_coding,36,"HELLP syndrome, maternal, of pregnancy",high_candidate
ENSG00000138029,HADHB,protein_coding,9,Trifunctional protein deficiency,high_candidate
ENSG00000084110,HAL,protein_coding,known,[Histidinemia],known
ENSG00000137814,HAUS2,protein_coding,2,Intellectual Disability,high_candidate
ENSG00000143575,HAX1,protein_coding,known,"Neutropenia, severe congenital 3, autosomal recessive",known
ENSG00000004961,HCCS,protein_coding,known,Linear skin defects with multiple congenital anomalies 1,known
ENSG00000172534,HCFC1,protein_coding,known,"Mental retardation, X-linked 3 (methylmalonic acidemia and homocysteinemia, cblX type )",known
ENSG00000164588,HCN1,protein_coding,known,"Epileptic encephalopathy, early infantile, 24",known
ENSG00000094631,HDAC6,protein_coding,known,"?Chondrodysplasia with platyspondyly, distinctive brachydactyly, hydrocephaly, and microphthalmia",known
ENSG00000147099,HDAC8,protein_coding,known,Cornelia de Lange syndrome 5,known
ENSG00000165478,HEPACAM,protein_coding,known,Megalencephalic leukoencephalopathy with subcortical cysts 2A,known
ENSG00000128731,HERC2,protein_coding,known,"Mental retardation, autosomal recessive 38",known
ENSG00000163666,HESX1,protein_coding,known,Septooptic dysplasia,known
ENSG00000213614,HEXA,protein_coding,known,Tay?Sachs disease,known
ENSG00000165102,HGSNAT,protein_coding,known,Mucopolysaccharidosis type IIIC (Sanfilippo C),known
ENSG00000198130,HIBCH,protein_coding,6,3-hydroxyisobutryl-CoA hydrolase deficiency,high_candidate
ENSG00000010818,HIVEP2,protein_coding,2,Intellectual Disability,high_candidate
ENSG00000159267,HLCS,protein_coding,known,Holocarboxylase synthetase deficiency,known
ENSG00000256269,HMBS,protein_coding,known,"Porphyria, acute intermittent, nonerythroid variant",known
ENSG00000029993,HMGB3,protein_coding,known,"Microphthalmia, syndromic 13",known
ENSG00000153187,HNRNPU,protein_coding,2,"Epileptic encephalopathy, early infantile, 54",high_candidate
ENSG00000105991,HOXA1,protein_coding,known,Athabaskan brainstem dysgenesis syndrome,known
ENSG00000158104,HPD,protein_coding,known,"Tyrosinemia, type III",known
ENSG00000165704,HPRT1,protein_coding,known,Lesch-Nyhan syndrome,known
ENSG00000174775,HRAS,protein_coding,known,Costello syndrome,known
ENSG00000072506,HSD17B10,protein_coding,known,"?Mental retardation, X-linked syndromic 10",known
ENSG00000144381,HSPD1,protein_coding,known,"Spastic paraplegia 13, autosomal dominant",known
ENSG00000086758,HUWE1,protein_coding,known,"Mental retardation, X-linked syndromic, Turner type,  (3)",known
ENSG00000182054,IDH2,protein_coding,2,D-2-hydroxyglutaric aciduria 2,high_candidate
ENSG00000010404,IDS,protein_coding,known,Mucopolysaccharidosis II,known
ENSG00000127415,IDUA,protein_coding,known,Mucopolysaccharidosis Ih,known
ENSG00000134049,IER3IP1,protein_coding,known,"Microcephaly, epilepsy, and diabetes syndrome",known
ENSG00000115267,IFIH1,protein_coding,known,Aicardi-Goutieres syndrome 7,known
ENSG00000138002,IFT172,protein_coding,known,Short?rib thoracic dysplasia 10 with or without polydactyly,known
ENSG00000100360,IFT27,protein_coding,known,Bardet-Biedl syndrome 19,known
ENSG00000017427,IGF1,protein_coding,known,Growth retardation with deafness and mental retardation due to IGF1 deficiency,known
ENSG00000269335,IKBKG,protein_coding,known,"Ectodermal, dysplasia, anhidrotic, lymphedema and immunodeficiency",known
ENSG00000169306,IL1RAPL1,protein_coding,known,"Mental retardation, X-linked 21/34",known
ENSG00000148384,INPP5E,protein_coding,known,"Mental retardation, truncal obesity, retinal dystrophy, and micropenis",known
ENSG00000171105,INSR,protein_coding,2,Intellectual Disability,high_candidate
ENSG00000124313,IQSEC2,protein_coding,known,"Mental retardation, X-linked 1/78",known
ENSG00000176842,IRX5,protein_coding,known,Hamamy syndrome,known
ENSG00000214960,ISPD,protein_coding,known,"Muscular dystrophy-dystroglycanopathy (congenital with brain and eye anomalies), type A, 7",known
ENSG00000150995,ITPR1,protein_coding,known,"Spinocerebellar ataxia 29, congenital nonprogressive",known
ENSG00000128928,IVD,protein_coding,22,Isovaleric acidemia,high_candidate
ENSG00000101384,JAG1,protein_coding,known,Alagille syndrome,known
ENSG00000166086,JAM3,protein_coding,known,"Hemorrhagic destruction of the brain, subependymal calcification, and cataracts",known
ENSG00000173801,JUP,protein_coding,2,Intellectual Disability,high_candidate
ENSG00000120071,KANSL1,protein_coding,known,Koolen-De Vries syndrome,known
ENSG00000083168,KAT6A,protein_coding,known,"Mental retardation, autosomal dominant 32",known
ENSG00000156650,KAT6B,protein_coding,known,Genitopatellar syndrome,known
ENSG00000140854,KATNB1,protein_coding,4,"Lissencephaly 6, with microcephaly",high_candidate
ENSG00000111262,KCNA1,protein_coding,2,Intellectual Disability,high_candidate
ENSG00000158445,KCNB1,protein_coding,3,"Epileptic encephalopathy, early infantile, 26",high_candidate
ENSG00000131398,KCNC3,protein_coding,known,Spinocerebellar ataxia 13,known
ENSG00000171385,KCND3,protein_coding,2,Intellectual Disability,high_candidate
ENSG00000143473,KCNH1,protein_coding,known,Temple-Baraitser syndrome,known
ENSG00000151704,KCNJ1,protein_coding,known,"Bartter syndrome, type 2",known
ENSG00000177807,KCNJ10,protein_coding,known,Enlarged vestibular aqueduct,known
ENSG00000187486,KCNJ11,protein_coding,known,"Diabetes mellitus, permanent neonatal, with neurologic features",known
ENSG00000157542,KCNJ6,protein_coding,known,Keppen-Lubinsky syndrome,known
ENSG00000169427,KCNK9,protein_coding,known,Birk-Barel mental retardation dysmorphism syndrome,known
ENSG00000075043,KCNQ2,protein_coding,known,"Epileptic encephalopathy, early infantile, 1",known
ENSG00000184156,KCNQ3,protein_coding,8,Intellectual Disability,high_candidate
ENSG00000107147,KCNT1,protein_coding,known,"Epileptic encephalopathy, early infantile, 14",known
ENSG00000243335,KCTD7,protein_coding,known,"Epilepsy, progressive myoclonic 3, with or without intracellular inclusions",known
ENSG00000165097,KDM1B,protein_coding,2,Intellectual Disability,high_candidate
ENSG00000089094,KDM2B,protein_coding,6,Intellectual Disability,high_candidate
ENSG00000126012,KDM5C,protein_coding,known,"Mental retardation, X-linked, syndromic, Claes-Jensen type",known
ENSG00000147050,KDM6A,protein_coding,known,Kabuki syndrome 2,known
ENSG00000164961,KIAA0196,protein_coding,known,Ritscher-Schinzel syndrome 1,known
ENSG00000136051,KIAA1033,protein_coding,known,"?Mental retardation, autosomal recessive 43",known
ENSG00000050030,KIAA2022,protein_coding,known,"Mental retardation, X-linked 98",known
ENSG00000138160,KIF11,protein_coding,known,"Microcephaly with or without chorioretinopathy, lymphedema, or mental retardation",known
ENSG00000130294,KIF1A,protein_coding,known,"Mental retardation, autosomal dominant 9",known
ENSG00000139116,KIF21A,protein_coding,5,"Fibrosis of extraocular muscles, congenital, 1",high_candidate
ENSG00000068796,KIF2A,protein_coding,2,"Cortical dysplasia, complex, with other brain malformations 3",high_candidate
ENSG00000090889,KIF4A,protein_coding,known,"?Mental retardation, X-linked 100",known
ENSG00000168280,KIF5C,protein_coding,known,"Cortical dysplasia, complex, with other brain malformations 2",known
ENSG00000166813,KIF7,protein_coding,known,Acrocallosal syndrome,known
ENSG00000149571,KIRREL3,protein_coding,known,"Mental retardation, autosomal dominant 4",known
ENSG00000118058,KMT2A,protein_coding,known,Wiedemann-Steiner syndrome,known
ENSG00000167548,KMT2D,protein_coding,known,Kabuki syndrome 1,known
ENSG00000118162,KPTN,protein_coding,known,"Mental retardation, autosomal recessive 41",known
ENSG00000133703,KRAS,protein_coding,known,Cardiofaciocutaneous syndrome 2,known
ENSG00000115919,KYNU,protein_coding,known,?Hydroxykynureninuria,known
ENSG00000198910,L1CAM,protein_coding,known,Hydrocephalus due to aqueductal stenosis,known
ENSG00000087299,L2HGDH,protein_coding,known,L-2-hydroxyglutaric aciduria,known
ENSG00000101680,LAMA1,protein_coding,known,Poretti?Boltshauser syndrome,known
ENSG00000196569,LAMA2,protein_coding,known,"Muscular dystrophy, congenital, due to partial LAMA2 deficiency",known
ENSG00000091136,LAMB1,protein_coding,3,Intellectual Disability,high_candidate
ENSG00000050555,LAMC3,protein_coding,known,"Cortical malformations, occipital",known
ENSG00000005893,LAMP2,protein_coding,known,Danon disease,known
ENSG00000133424,LARGE,protein_coding,known,"Muscular dystrophy-dystroglycanopathy (congenital with brain and eye anomalies), type A, 6",known
ENSG00000174720,LARP7,protein_coding,known,Alazami syndrome,known
ENSG00000143815,LBR,protein_coding,known,Pelger-Huet anomaly,known
ENSG00000166796,LDHC,protein_coding,2,Intellectual Disability,high_candidate
ENSG00000107187,LHX3,protein_coding,known,"Pituitary hormone deficiency, combined, 3",known
ENSG00000121897,LIAS,protein_coding,2,"Hyperglycinemia, lactic acidosis, and seizures",high_candidate
ENSG00000174405,LIG4,protein_coding,known,LIG4 syndrome,known
ENSG00000123384,LRP1,protein_coding,3,Intellectual Disability,high_candidate
ENSG00000081479,LRP2,protein_coding,known,Donnai-Barrow syndrome,known
ENSG00000162337,LRP5,protein_coding,known,Osteoporosis-pseudoglioma syndrome,known
ENSG00000138095,LRPPRC,protein_coding,known,"Leigh syndrome due to mitochondrial COX4 deficiency (LS),",known
ENSG00000143669,LYST,protein_coding,known,Chediak-Higashi syndrome,known
ENSG00000163818,LZTFL1,protein_coding,3,Bardet-Biedl syndrome 17,high_candidate
ENSG00000178573,MAF,protein_coding,known,Ayme-Gripp syndrome,known
ENSG00000254585,MAGEL2,protein_coding,known,Prader?Willi?like syndrome,known
ENSG00000177239,MAN1B1,protein_coding,known,"Mental retardation, autosomal recessive 15",known
ENSG00000104774,MAN2B1,protein_coding,known,"Mannosidosis, alpha-, types I and II",known
ENSG00000109323,MANBA,protein_coding,known,"Mannosidosis, beta",known
ENSG00000189221,MAOA,protein_coding,known,Brunner syndrome,known
ENSG00000169032,MAP2K1,protein_coding,known,Cardiofaciocutaneous syndrome 3,known
ENSG00000126934,MAP2K2,protein_coding,known,Cardiofaciocutaneous syndrome 4,known
ENSG00000095015,MAP3K1,protein_coding,2,Intellectual Disability,high_candidate
ENSG00000139625,MAP3K12,protein_coding,2,Intellectual Disability,high_candidate
ENSG00000127241,MASP1,protein_coding,known,3MC syndrome 1,known
ENSG00000009724,MASP2,protein_coding,2,Intellectual Disability,high_candidate
ENSG00000105613,MAST1,protein_coding,2,Intellectual Disability,high_candidate
ENSG00000151224,MAT1A,protein_coding,known,"Hypermethioninemia, persistent, autosomal dominant, due to methionine adenosyltransferase I/III deficiency",known
ENSG00000204406,MBD5,protein_coding,known,"Mental retardation, autosomal dominant 1",known
ENSG00000012174,MBTPS2,protein_coding,known,IFAP syndrome with or without BRESHECK syndrome,known
ENSG00000078070,MCCC1,protein_coding,known,3?Methylcrotonyl?CoA carboxylase 1 deficiency,known
ENSG00000131844,MCCC2,protein_coding,known,3?Methylcrotonyl?CoA carboxylase 2 deficiency,known
ENSG00000090674,MCOLN1,protein_coding,known,Mucolipidosis IV,known
ENSG00000147316,MCPH1,protein_coding,known,"Microcephaly 1, primary, autosomal recessive",known
ENSG00000169057,MECP2,protein_coding,known,"{Autism susceptibility, X-linked 3}",known
ENSG00000184634,MED12,protein_coding,known,Lujan-Fryns syndrome,known
ENSG00000123066,MED13L,protein_coding,known,Mental retardation and distinctive facial features with or without cardiac defects,known
ENSG00000099917,MED15,protein_coding,2,Intellectual Disability,high_candidate
ENSG00000042429,MED17,protein_coding,known,"Microcephaly, postnatal progressive, with seizures and brain atrophy,",known
ENSG00000112282,MED23,protein_coding,known,"Mental retardation, autosomal recessive 18",known
ENSG00000081189,MEF2C,protein_coding,known,"Mental retardation, stereotypic movements, epilepsy, and/or cerebral malformations",known
ENSG00000145794,MEGF10,protein_coding,15,Intellectual Disability,high_candidate
ENSG00000181038,METTL23,protein_coding,known,"Mental retardation, autosomal recessive 44",known
ENSG00000164073,MFSD8,protein_coding,11,"Ceroid lipofuscinosis, neuronal, 7",high_candidate
ENSG00000168282,MGAT2,protein_coding,known,"Congenital disorder of glycosylation, type Iia",known
ENSG00000111341,MGP,protein_coding,known,Keutel syndrome,known
ENSG00000101752,MIB1,protein_coding,2,Intellectual Disability,high_candidate
ENSG00000101871,MID1,protein_coding,known,"Opitz GBBB syndrome, type I",known
ENSG00000080561,MID2,protein_coding,known,"Mental retardation, X-linked 101",known
ENSG00000125863,MKKS,protein_coding,known,Bardet-Biedl syndrome 6,known
ENSG00000011143,MKS1,protein_coding,known,Bardet-Biedl syndrome 13,known
ENSG00000100427,MLC1,protein_coding,known,Megalencephalic leukoencephalopathy with subcortical cysts,known
ENSG00000103150,MLYCD,protein_coding,known,Malonyl?CoA decarboxylase deficiency,known
ENSG00000151611,MMAA,protein_coding,known,"Methylmalonic aciduria, vitamin B12-responsive, due to defect in synthesis of adenosylcobalamin, cblB complementation type",known
ENSG00000139428,MMAB,protein_coding,16,"Hyper?IgD syndrome, 260920",high_candidate
ENSG00000132763,MMACHC,protein_coding,known,"Methylmalonic aciduria and homocystinuria, cblC type",known
ENSG00000168288,MMADHC,protein_coding,known,"Methylmalonic aciduria and homocystinuria, cblD type",known
ENSG00000130675,MNX1,protein_coding,4,Currarino syndrome,high_candidate
ENSG00000124615,MOCS1,protein_coding,known,Molybdenum cofactor deficiency A,known
ENSG00000115275,MOGS,protein_coding,known,"Congenital disorder of gycosylation, type 2b",known
ENSG00000060762,MPC1,protein_coding,2,Mitochondrial pyruvate carrier deficiency,high_candidate
ENSG00000129255,MPDU1,protein_coding,known,"Congenital disorder of glycosylation, type If",known
ENSG00000107186,MPDZ,protein_coding,known,"Hydrocephalus, nonsyndromic, autosomal recessive 2",known
ENSG00000168303,MPLKIP,protein_coding,known,"Trichothiodystrophy 4, nonphotosensitive",known
ENSG00000115204,MPV17,protein_coding,16,Mitochondrial DNA depletion syndrome 6 (hepatocerebral type),high_candidate
ENSG00000188786,MTF1,protein_coding,2,Intellectual Disability,high_candidate
ENSG00000103707,MTFMT,protein_coding,known,Combined oxidative phosphorylation deficiency 15,known
ENSG00000135297,MTO1,protein_coding,5,Combined oxidative phosphorylation deficiency 10,high_candidate
ENSG00000116984,MTR,protein_coding,known,"Homocystinuria-megaloblastic anemia, cblG complementation type",known
ENSG00000124275,MTRR,protein_coding,known,"Homocystinuria-megaloblastic anemia, cbl E type",known
ENSG00000146085,MUT,protein_coding,known,"Methylmalonic aciduria, mut(0) type,",known
ENSG00000110921,MVK,protein_coding,known,"Hyper?IgD syndrome, 260920",known
ENSG00000134323,MYCN,protein_coding,known,Feingold syndrome,known
ENSG00000092054,MYH7,protein_coding,2,Intellectual Disability,high_candidate
ENSG00000100345,MYH9,protein_coding,2,Intellectual Disability,high_candidate
ENSG00000041515,MYO16,protein_coding,2,Intellectual Disability,high_candidate
ENSG00000157483,MYO1E,protein_coding,2,Intellectual Disability,high_candidate
ENSG00000099331,MYO9B,protein_coding,2,Intellectual Disability,high_candidate
ENSG00000186487,MYT1L,protein_coding,3,Intellectual Disability,high_candidate
ENSG00000102030,NAA10,protein_coding,known,"?Microphthalmia, syndromic 1",known
ENSG00000198951,NAGA,protein_coding,known,Kanzaki disease,known
ENSG00000108784,NAGLU,protein_coding,known,Mucopolysaccharidosis type IIIB (Sanfilippo B),known
ENSG00000102452,NALCN,protein_coding,known,"?Neuroaxonal neurodegeneration, infantile, with facial dysmophism",known
ENSG00000104320,NBN,protein_coding,known,Nijmegen breakage syndrome,known
ENSG00000072864,NDE1,protein_coding,known,Lissencephaly 4 (with microcephaly),known
ENSG00000166579,NDEL1,protein_coding,2,Intellectual Disability,high_candidate
ENSG00000124479,NDP,protein_coding,known,Norrie disease,known
ENSG00000070614,NDST1,protein_coding,known,"Mental retardation, autosomal recessive 46",known
ENSG00000125356,NDUFA1,protein_coding,known,Mitochondrial complex I deficiency,known
ENSG00000130414,NDUFA10,protein_coding,known,"Leigh syndrome due to mitochondrial COX4 deficiency (LS),",known
ENSG00000137806,NDUFAF1,protein_coding,3,Mitochondrial complex I deficiency,high_candidate
ENSG00000164182,NDUFAF2,protein_coding,known,Leigh syndrome due to mitochondrial complex 1 deficiency,known
ENSG00000178057,NDUFAF3,protein_coding,2,Mitochondrial complex I deficiency,high_candidate
ENSG00000123545,NDUFAF4,protein_coding,2,Mitochondrial complex I deficiency,high_candidate
ENSG00000101247,NDUFAF5,protein_coding,2,Mitochondrial complex I deficiency,high_candidate
ENSG00000023228,NDUFS1,protein_coding,known,Leigh syndrome due to mitochondrial complex 1 deficiency,known
ENSG00000158864,NDUFS2,protein_coding,known,Mitochondrial complex I deficiency,known
ENSG00000213619,NDUFS3,protein_coding,known,Leigh syndrome due to mitochondrial complex 1 deficiency,known
ENSG00000164258,NDUFS4,protein_coding,known,"Leigh syndrome due to mitochondrial COX4 deficiency (LS),",known
ENSG00000115286,NDUFS7,protein_coding,known,"Leigh syndrome due to mitochondrial COX4 deficiency (LS),",known
ENSG00000110717,NDUFS8,protein_coding,known,Leigh syndrome due to mitochondrial complex I deficiency,known
ENSG00000167792,NDUFV1,protein_coding,known,Mitochondrial complex I deficiency,known
ENSG00000069869,NEDD4,protein_coding,2,Intellectual Disability,high_candidate
ENSG00000137601,NEK1,protein_coding,2,Intellectual Disability,high_candidate
ENSG00000067141,NEO1,protein_coding,3,Intellectual Disability,high_candidate
ENSG00000204386,NEU1,protein_coding,known,"Sialidosis, type I",known
ENSG00000196712,NF1,protein_coding,known,"Neurofibromatosis, familial spinal",known
ENSG00000162599,NFIA,protein_coding,known,Macrocephaly?megalencephaly syndrome,known
ENSG00000008441,NFIX,protein_coding,known,Marshall-Smith syndrome,known
ENSG00000151092,NGLY1,protein_coding,4,Congenital disorder of deglycosylation,high_candidate
ENSG00000145912,NHP2,protein_coding,known,"Dyskeratosis congenita, autosomal recessive 1",known
ENSG00000188158,NHS,protein_coding,known,Nance-Horan syndrome,known
ENSG00000100503,NIN,protein_coding,known,?Seckel syndrome 7,known
ENSG00000164190,NIPBL,protein_coding,known,Cornelia de Lange syndrome 1,known
ENSG00000136352,NKX2-1,protein_coding,known,"Choreoathetosis, hypothyroidism, and neonatal respiratory distress",known
ENSG00000146938,NLGN4X,protein_coding,known,Autism susceptibility,known
ENSG00000182117,NOP10,protein_coding,known,"Dyskeratosis congenita, autosomal recessive 1",known
ENSG00000148400,NOTCH1,protein_coding,known,Adams-Oliver syndrome 1,known
ENSG00000141458,NPC1,protein_coding,known,"Niemann-Pick disease, type C1",known
ENSG00000119655,NPC2,protein_coding,known,"Niemann-pick disease, type C2",known
ENSG00000175745,NR2F1,protein_coding,known,Bosch-Boonstra-Schaaf optic atrophy syndrome,known
ENSG00000213281,NRAS,protein_coding,known,Noonan syndrome 6,known
ENSG00000179915,NRXN1,protein_coding,known,Pitt-Hopkins-like syndrome 2,known
ENSG00000165671,NSD1,protein_coding,known,Beckwith-Wiedemann syndrome,known
ENSG00000147383,NSDHL,protein_coding,known,CHILD syndrome,known
ENSG00000037474,NSUN2,protein_coding,known,"Mental retardation, autosomal recessive 5",known
ENSG00000076685,NT5C2,protein_coding,known,"Spastic paraplegia 45, autosomal recessive",known
ENSG00000148053,NTRK2,protein_coding,2,"Obesity, hyperphagia, and developmental delay",high_candidate
ENSG00000168101,NUDT16L1,protein_coding,2,Intellectual Disability,high_candidate
ENSG00000213024,NUP62,protein_coding,known,"Striatonigral degeneration, infantile",known
ENSG00000065154,OAT,protein_coding,57,Gyrate atrophy of choroid and retina with or without ornithinemia,high_candidate
ENSG00000197822,OCLN,protein_coding,known,Band-like calcification with simplified gyration and polymicrogyria,known
ENSG00000122126,OCRL,protein_coding,known,Dent disease 2,known
ENSG00000046651,OFD1,protein_coding,known,Joubert syndrome 10,known
ENSG00000147162,OGT,protein_coding,2,Intellectual Disability,high_candidate
ENSG00000138430,OLA1,protein_coding,2,Intellectual Disability,high_candidate
ENSG00000079482,OPHN1,protein_coding,known,"Mental retardation, X-linked, with cerebellar hypoplasia and distinctive facial appearance",known
ENSG00000085840,ORC1,protein_coding,known,Meier?Gorlin syndrome 1,known
ENSG00000036473,OTC,protein_coding,known,Ornithine transcarbamylase deficiency,known
ENSG00000175115,PACS1,protein_coding,known,Schuss-Hoeijmakers sydnrome,known
ENSG00000007168,PAFAH1B1,protein_coding,known,Lissencephaly,known
ENSG00000171759,PAH,protein_coding,known,Phenylketonuria,known
ENSG00000077264,PAK3,protein_coding,known,"Mental retardation, X-linked 30/47",known
ENSG00000125779,PANK2,protein_coding,known,Neurodegeneration with brain iron accumulation 1,known
ENSG00000140694,PARN,protein_coding,4,"Dyskeratosis congenita, autosomal recessive 6",high_candidate
ENSG00000125813,PAX1,protein_coding,known,Orofaciocervical syndrome 2,known
ENSG00000075891,PAX2,protein_coding,known,Papillorenal syndrome,known
ENSG00000135903,PAX3,protein_coding,known,"Waardenburg syndrome, type 3",known
ENSG00000007372,PAX6,protein_coding,known,Aniridia,known
ENSG00000125618,PAX8,protein_coding,known,"Hypothyroidism, congenital, due to thyroid dysgenesis or hypoplasia",known
ENSG00000173599,PC,protein_coding,known,Pyruvate carboxylase deficiency,known
ENSG00000175198,PCCA,protein_coding,34,Propionicacidemia,high_candidate
ENSG00000114054,PCCB,protein_coding,37,Propionicacidemia,high_candidate
ENSG00000150275,PCDH15,protein_coding,2,Intellectual Disability,high_candidate
ENSG00000165194,PCDH19,protein_coding,known,"Epileptic encephalopathy, early infantile, 9",known
ENSG00000186472,PCLO,protein_coding,known,"?Pontocerebellar hypoplasia, type 3",known
ENSG00000160299,PCNT,protein_coding,known,"Microcephalic osteodysplastic primordial dwarfism, type II",known
ENSG00000113448,PDE4D,protein_coding,known,"Acrodysostosis 2, with or without hormone resistance",known
ENSG00000134853,PDGFRA,protein_coding,known,"Cleft palate, isolated",known
ENSG00000131828,PDHA1,protein_coding,known,Pyruvate dehydrogenase E1-alpha deficiency,known
ENSG00000110435,PDHX,protein_coding,known,Lacticacidemia due to PDX1 deficiency,known
ENSG00000164951,PDP1,protein_coding,known,Pyruvate dehydrogenase phosphatase deficiency,known
ENSG00000148459,PDSS1,protein_coding,known,"Coenzyme Q10 deficiency, primary, 2",known
ENSG00000164494,PDSS2,protein_coding,known,"Coenzyme Q10 deficiency, primary, 3",known
ENSG00000124299,PEPD,protein_coding,known,Prolidase deficiency,known
ENSG00000229833,PET100,protein_coding,known,Mitochondrial complex IV deficiency,known
ENSG00000127980,PEX1,protein_coding,known,Peroxisome biogenesis disorder 11A (Zellweger),known
ENSG00000157911,PEX10,protein_coding,known,Peroxisome biogenesis disorder 1A (Zellweger),known
ENSG00000131779,PEX11B,protein_coding,known,Peroxisome biogenesis disorder 14B,known
ENSG00000108733,PEX12,protein_coding,known,Peroxisome biogenesis disorder 1A (Zellweger),known
ENSG00000162928,PEX13,protein_coding,known,Peroxisome biogenesis disorder 11A (Zellweger),known
ENSG00000142655,PEX14,protein_coding,known,Peroxisome biogenesis disorder 13A (Zellweger),known
ENSG00000121680,PEX16,protein_coding,known,Peroxisome biogenesis disorder 1A (Zellweger),known
ENSG00000162735,PEX19,protein_coding,known,Peroxisome biogenesis disorder 1A (Zellweger),known
ENSG00000164751,PEX2,protein_coding,known,Peroxisome biogenesis disorder 1A (Zellweger),known
ENSG00000215193,PEX26,protein_coding,known,Peroxisome biogenesis disorder 1A (Zellweger),known
ENSG00000034693,PEX3,protein_coding,known,Peroxisome biogenesis disorder 1A (Zellweger),known
ENSG00000139197,PEX5,protein_coding,known,Peroxisome biogenesis disorder 1A (Zellweger),known
ENSG00000124587,PEX6,protein_coding,known,Peroxisome biogenesis disorder 1A (Zellweger),known
ENSG00000112357,PEX7,protein_coding,known,Refsum disease,known
ENSG00000247077,PGAM5,protein_coding,3,Intellectual Disability,high_candidate
ENSG00000197121,PGAP1,protein_coding,known,"Mental retardation, autosomal recessive 42",known
ENSG00000148985,PGAP2,protein_coding,known,Hyperphosphatasia with mental retardation syndrome 3,known
ENSG00000161395,PGAP3,protein_coding,known,Hyperphosphatasia with mental retardation syndrome 4,known
ENSG00000102144,PGK1,protein_coding,known,Phosphoglycerate kinase 1 deficiency,known
ENSG00000013375,PGM3,protein_coding,known,Immunodeficiency 23,known
ENSG00000109118,PHF12,protein_coding,2,Intellectual Disability,high_candidate
ENSG00000156531,PHF6,protein_coding,known,Borjeson-Forssman-Lehmann syndrome,known
ENSG00000172943,PHF8,protein_coding,known,"Mental retardation syndrome, X-linked, Siderius type",known
ENSG00000092621,PHGDH,protein_coding,known,Phosphoglycerate dehydrogenase deficiency,known
ENSG00000146247,PHIP,protein_coding,4,Intellectual Disability,high_candidate
ENSG00000154864,PIEZO2,protein_coding,known,"Arthrogryposis, distal, type 3",known
ENSG00000108474,PIGL,protein_coding,known,CHIME syndrome,known
ENSG00000197563,PIGN,protein_coding,known,Multiple congenital anomalies?hypotonia?seizures syndrome 1,known
ENSG00000165282,PIGO,protein_coding,known,Hyperphosphatasia with mental retardation syndrome 2,known
ENSG00000124155,PIGT,protein_coding,known,Multiple congenital anomalies?hypotonia?seizures syndrome 3,known
ENSG00000060642,PIGV,protein_coding,known,Hyperphosphatasia with mental retardation syndrome 1,known
ENSG00000184886,PIGW,protein_coding,known,?Hyperphosphatasia with mental retardation syndrome 5,known
ENSG00000121879,PIK3CA,protein_coding,known,"Megalencephaly-capillary malformation-polymicrogyria syndrome, somatic",known
ENSG00000145675,PIK3R1,protein_coding,9,Intellectual Disability,high_candidate
ENSG00000105647,PIK3R2,protein_coding,known,Megalencephaly-polymicrogyria-polydactyly-hydrocephalus syndrome 1,known
ENSG00000184381,PLA2G6,protein_coding,known,Infantile neuroaxonal dystrophy 1,known
ENSG00000163803,PLB1,protein_coding,2,Intellectual Disability,high_candidate
ENSG00000182621,PLCB1,protein_coding,known,"Epileptic encephalopathy, early infantile, 12",known
ENSG00000142731,PLK4,protein_coding,known,"Microcephaly and chorioretinopathy, autosomal recessive, 2",known
ENSG00000123560,PLP1,protein_coding,known,Pelizaeus-Merzbacher disease,known
ENSG00000161381,PLXDC1,protein_coding,2,Intellectual Disability,high_candidate
ENSG00000140650,PMM2,protein_coding,known,"Congenital disorder of glycosylation, type Ia",known
ENSG00000039650,PNKP,protein_coding,known,"Epileptic encephalopathy, early infantile, 10",known
ENSG00000198805,PNP,protein_coding,known,Immunodeficiency due to purine nucleoside phosphorylase deficiency,known
ENSG00000032444,PNPLA6,protein_coding,known,Oliver-McFarlane syndrome,known
ENSG00000164087,POC1A,protein_coding,known,"Short stature, onychodysplasia, facial dysmorphism, and hypotrichosis",known
ENSG00000143442,POGZ,protein_coding,known,White-Sutton syndrome,known
ENSG00000140521,POLG,protein_coding,known,Mitochondrial DNA depletion syndrome 1 (MNGIE type),known
ENSG00000148606,POLR3A,protein_coding,known,"Leukodystrophy, hypomyelinating, 7, with or without oligodontia and/or hypogonadotropic hypogonadism",known
ENSG00000013503,POLR3B,protein_coding,known,"Leukodystrophy, hypomyelinating, 8, with or without oligodontia and/or hypogonadotropic hypogonadism",known
ENSG00000085998,POMGNT1,protein_coding,known,"Muscular dystrophy-dystroglycanopathy (congenital with brain and eye anomalies), type A, 3",known
ENSG00000185900,POMK,protein_coding,5,"Muscular dystrophy-dystroglycanopathy (congenital with brain and eye anomalies), type A, 12",high_candidate
ENSG00000130714,POMT1,protein_coding,known,"Muscular dystrophy-dystroglycanopathy (congenital with brain and eye anomalies), type A, 1",known
ENSG00000009830,POMT2,protein_coding,known,"Muscular dystrophy-dystroglycanopathy (congenital with brain and eye anomalies), type A, 2",known
ENSG00000102312,PORCN,protein_coding,known,Focal dermal hypoplasia,known
ENSG00000064835,POU1F1,protein_coding,known,"Pituitary hormone deficiency, combined, 1",known
ENSG00000170836,PPM1D,protein_coding,2,Intellectual Disability,high_candidate
ENSG00000143224,PPOX,protein_coding,known,Porphyria variegata,known
ENSG00000213639,PPP1CB,protein_coding,5,Intellectual Disability,high_candidate
ENSG00000113575,PPP2CA,protein_coding,2,Intellectual Disability,high_candidate
ENSG00000105568,PPP2R1A,protein_coding,known,"Mental retardation, autosomal dominant 36",known
ENSG00000112640,PPP2R5D,protein_coding,known,"Mental retardation, autosomal dominant 35",known
ENSG00000148840,PPRC1,protein_coding,2,Intellectual Disability,high_candidate
ENSG00000131238,PPT1,protein_coding,known,"Ceroid lipofuscinosis, neuronal, 1",known
ENSG00000102103,PQBP1,protein_coding,known,Renpenning syndrome,known
ENSG00000180644,PRF1,protein_coding,9,"Hemophagocytic lymphohistiocytosis, familial, 2",high_candidate
ENSG00000108946,PRKAR1A,protein_coding,known,"Acrodysostosis 1, with or without hormone resistance",known
ENSG00000115718,PROC,protein_coding,6,"Thrombophilia due to protein C deficiency, autosomal recessive",high_candidate
ENSG00000100033,PRODH,protein_coding,known,"Hyperprolinemia, type I",known
ENSG00000110844,PRPF40B,protein_coding,2,Intellectual Disability,high_candidate
ENSG00000147224,PRPS1,protein_coding,known,Arts  syndrome,known
ENSG00000164099,PRSS12,protein_coding,known,"Mental retardation, autosomal recessive 1",known
ENSG00000197746,PSAP,protein_coding,known,Metachromatic leukodystrophy due to SAP-b deficiency,known
ENSG00000101182,PSMA7,protein_coding,2,Intellectual Disability,high_candidate
ENSG00000204264,PSMB8,protein_coding,known,"Autoinflammation, lipodystrophy, and dermatosis syndrome",known
ENSG00000013275,PSMC4,protein_coding,2,Intellectual Disability,high_candidate
ENSG00000146733,PSPH,protein_coding,known,Phosphoserine phosphatase deficiency,known
ENSG00000185920,PTCH1,protein_coding,known,Holoprosencephaly 7,known
ENSG00000156471,PTDSS1,protein_coding,known,Lenz-Majewski hyperostotic dwarfism,known
ENSG00000171862,PTEN,protein_coding,known,Bannayan-Riley-Ruvalcaba syndrome,known
ENSG00000179295,PTPN11,protein_coding,known,LEOPARD syndrome 1,known
ENSG00000141378,PTRH2,protein_coding,known,"Infantile-onset multisystem neurologic, endocrine, and pancreatic disease",known
ENSG00000150787,PTS,protein_coding,known,"Hyperphenylalaninemia, BH4-deficient, A",known
ENSG00000179950,PUF60,protein_coding,known,Verheij syndrome,known
ENSG00000185129,PURA,protein_coding,known,"Mental retardation, autosomal dominant 31",known
ENSG00000177192,PUS1,protein_coding,known,"Myopathy, lactic acidosis, and sideroblastic anemia 1",known
ENSG00000183010,PYCR1,protein_coding,known,"Cutis laxa, autosomal recessive, type IIB",known
ENSG00000143811,PYCR2,protein_coding,7,"Leukodystrophy, hypomyelinating, 10",high_candidate
ENSG00000172053,QARS,protein_coding,5,"Microcephaly, progressive, seizures, and cerebral and cerebellar atrophy",high_candidate
ENSG00000151552,QDPR,protein_coding,known,"Hyperphenylalaninemia, BH4-deficient, C",known
ENSG00000099246,RAB18,protein_coding,known,Warburg micro syndrome 3,known
ENSG00000112210,RAB23,protein_coding,known,Carpenter syndrome,known
ENSG00000155961,RAB39B,protein_coding,known,"Mental retardation, X-linked 72",known
ENSG00000115839,RAB3GAP1,protein_coding,known,Warburg micro syndrome 1,known
ENSG00000118873,RAB3GAP2,protein_coding,known,Martsolf syndrome,known
ENSG00000102128,RAB40AL,protein_coding,known,Martin-Probst deafness-mental retardation syndrome,known
ENSG00000136238,RAC1,protein_coding,2,Intellectual Disability,high_candidate
ENSG00000164754,RAD21,protein_coding,known,Cornelia de Lange syndrome 4,known
ENSG00000113522,RAD50,protein_coding,known,Nijmegen breakage syndrome-like disorder,known
ENSG00000132155,RAF1,protein_coding,known,LEOPARD syndrome 2,known
ENSG00000108557,RAI1,protein_coding,known,Smith?Magenis syndrome,known
ENSG00000113643,RARS,protein_coding,3,"Leukodystrophy, hypomyelinating, 9",high_candidate
ENSG00000146282,RARS2,protein_coding,known,"Pontocerebellar hypoplasia, type 6",known
ENSG00000101773,RBBP8,protein_coding,known,Jawad syndrome,known
ENSG00000182872,RBM10,protein_coding,known,TARP syndrome,known
ENSG00000106344,RBM28,protein_coding,known,"?Alopecia, neurologic defects, and endocrinopathy syndrome",known
ENSG00000168214,RBPJ,protein_coding,known,Adams-Oliver syndrome 3,known
ENSG00000072042,RDH11,protein_coding,2,"Retinal dystrophy, juvenile cataracts, and short stature syndrome",high_candidate
ENSG00000160957,RECQL4,protein_coding,known,Baller-Gerold syndrome,known
ENSG00000163933,RFT1,protein_coding,known,"Congenital disorder of glycosylation, type In",known
ENSG00000242732,RGAG4,protein_coding,2,Intellectual Disability,high_candidate
ENSG00000143622,RIT1,protein_coding,known,Noonan syndrome 8,known
ENSG00000131263,RLIM,protein_coding,known,"Mental retardation, X-linked 61",known
ENSG00000104889,RNASEH2A,protein_coding,known,Aicardi?Goutieres syndrome 4,known
ENSG00000136104,RNASEH2B,protein_coding,known,Aicardi?Goutieres syndrome 2,known
ENSG00000172922,RNASEH2C,protein_coding,known,Aicardi?Goutieres syndrome 3,known
ENSG00000026297,RNASET2,protein_coding,known,"Leukoencephalopathy, cystic, without megalencephaly",known
ENSG00000125352,RNF113A,protein_coding,known,"Trichothiodystrophy 5, nonphotosensitive",known
ENSG00000101695,RNF125,protein_coding,known,Tenorio syndrome,known
ENSG00000264229,RNU4ATAC,snRNA,known,"Microcephalic osteodysplastic primordial dwarfism, type I",known
ENSG00000067836,ROGDI,protein_coding,known,Kohlschutter-Tonz syndrome,known
ENSG00000169071,ROR2,protein_coding,known,"Robinow syndrome, autosomal recessive",known
ENSG00000116745,RPE65,protein_coding,known,Leber congenital amaurosis 2,known
ENSG00000103494,RPGRIP1L,protein_coding,known,COACH syndrome,known
ENSG00000153574,RPIA,protein_coding,4,Ribose 5-phosphate isomerase deficiency,high_candidate
ENSG00000161970,RPL26,protein_coding,2,Diamond-Blackfan anemia 11,high_candidate
ENSG00000182899,RPL35A,protein_coding,2,Diamond-Blackfan anemia 5,high_candidate
ENSG00000122406,RPL5,protein_coding,3,Diamond-Blackfan anemia 6,high_candidate
ENSG00000177189,RPS6KA3,protein_coding,known,Coffin-Lowry syndrome,known
ENSG00000048392,RRM2B,protein_coding,known,Mitochondrial DNA depletion syndrome 8A (encephalomyopathic type with renal tubulopathy),known
ENSG00000258366,RTEL1,protein_coding,known,"Dyskeratosis congenita, autosomal recessive 5",known
ENSG00000176225,RTTN,protein_coding,known,"Microcephaly, short stature, and polymicrogyria with seizures",known
ENSG00000151835,SACS,protein_coding,known,"Spastic ataxia, Charlevoix-Saguenay type",known
ENSG00000103449,SALL1,protein_coding,known,Townes-Brocks branchiootorenal-like syndrome,known
ENSG00000020577,SAMD4A,protein_coding,2,Intellectual Disability,high_candidate
ENSG00000101347,SAMHD1,protein_coding,14,Aicardi-Goutieres syndrome 5,high_candidate
ENSG00000152700,SAR1B,protein_coding,known,Chylomicron retention disease,known
ENSG00000123453,SARDH,protein_coding,known,[Sarcosinemia],known
ENSG00000156876,SASS6,protein_coding,known,"Microcephaly 14, primary, autosomal recessive",known
ENSG00000119042,SATB2,protein_coding,known,Glass syndrome,known
ENSG00000126524,SBDS,protein_coding,known,Shwachman-Diamond syndrome,known
ENSG00000109929,SC5D,protein_coding,5,Intellectual Disability,high_candidate
ENSG00000144285,SCN1A,protein_coding,known,Dravet syndrome,known
ENSG00000105711,SCN1B,protein_coding,3,"Epilepsy, generalized, with febrile seizures plus, type 1",high_candidate
ENSG00000136531,SCN2A,protein_coding,known,"Epileptic encephalopathy, early infantile, 11",known
ENSG00000196876,SCN8A,protein_coding,known,Cognitive impairment with or without cerebellar ataxia,known
ENSG00000133028,SCO1,protein_coding,known,Mitochondrial complex IV deficiency,known
ENSG00000130489,SCO2,protein_coding,known,"Cardioencephalomyopathy, fatal infantile, due to cytochrome c oxidase deficiency 1",known
ENSG00000054282,SDCCAG8,protein_coding,known,Bardet-Biedl syndrome 16,known
ENSG00000073578,SDHA,protein_coding,known,"Leigh syndrome due to mitochondrial COX4 deficiency (LS),",known
ENSG00000170381,SEMA3E,protein_coding,known,?CHARGE syndrome,known
ENSG00000109618,SEPSECS,protein_coding,known,Pontocerebellar hypoplasia type 2D,known
ENSG00000122335,SERAC1,protein_coding,known,"3-methylglutaconic aciduria with deafness, encephalopathy, and Leigh-like syndrome",known
ENSG00000197249,SERPINA1,protein_coding,known,"Mental retardation, X-linked, FRAXE type",known
ENSG00000099937,SERPIND1,protein_coding,2,Intellectual Disability,high_candidate
ENSG00000152217,SETBP1,protein_coding,known,"Mental retardation, autosomal dominant 29",known
ENSG00000181555,SETD2,protein_coding,5,Intellectual Disability,high_candidate
ENSG00000168137,SETD5,protein_coding,known,"Mental retardation, autosomal dominant 23",known
ENSG00000136169,SETDB2,protein_coding,3,Intellectual Disability,high_candidate
ENSG00000183605,SFXN4,protein_coding,known,Combined oxidative phosphorylation deficiency 18,known
ENSG00000181523,SGSH,protein_coding,known,Mucopolysaccharidosis type IIIA (Sanfilippo A),known
ENSG00000251322,SHANK3,protein_coding,known,Phelan-McDermid syndrome,known
ENSG00000164690,SHH,protein_coding,known,Schizencephaly,known
ENSG00000108061,SHOC2,protein_coding,known,Noonan?like syndrome with loose anagen hair (NSLH),known
ENSG00000158352,SHROOM4,protein_coding,known,?Stocco dos Santos X-linked mental retardation syndrome,known
ENSG00000142178,SIK1,protein_coding,4,"Epileptic encephalopathy, early infantile, 30",high_candidate
ENSG00000120725,SIL1,protein_coding,known,Marinesco-Sjogren syndrome,known
ENSG00000112246,SIM1,protein_coding,known,Prader?Willi?like syndrome,known
ENSG00000138083,SIX3,protein_coding,known,Holoprosencephaly 2,known
ENSG00000157933,SKI,protein_coding,known,Shprintzen-Goldberg syndrome,known
ENSG00000074803,SLC12A1,protein_coding,known,"Bartter syndrome, type 1",known
ENSG00000140199,SLC12A6,protein_coding,known,Agenesis of the corpus callosum with peripheral neuropathy,known
ENSG00000147100,SLC16A2,protein_coding,known,Allan-Herndon-Dudley syndrome,known
ENSG00000119899,SLC17A5,protein_coding,known,Salla disease,known
ENSG00000106688,SLC1A1,protein_coding,known,Dicarboxylic aminoaciduria,known
ENSG00000100075,SLC25A1,protein_coding,6,Combined D-2- and L-2-hydroxyglutaric aciduria,high_candidate
ENSG00000115840,SLC25A12,protein_coding,5,"Epileptic encephalopathy, early infantile, 39",high_candidate
ENSG00000102743,SLC25A15,protein_coding,known,Hyperornithinemia-hyperammonemia-homocitrullinemia syndrome,known
ENSG00000177542,SLC25A22,protein_coding,known,"Epileptic encephalopathy, early infantile, 3",known
ENSG00000091137,SLC26A4,protein_coding,known,Enlarged vestibular aqueduct,known
ENSG00000117394,SLC2A1,protein_coding,known,Dystonia 9,known
ENSG00000163581,SLC2A2,protein_coding,9,Fanconi-Bickel syndrome,high_candidate
ENSG00000169359,SLC33A1,protein_coding,known,"Congenital cataracts, hearing loss, and neurodegeneration",known
ENSG00000102100,SLC35A2,protein_coding,known,"Congenital disorder of glycosylation, type 2m",known
ENSG00000117620,SLC35A3,protein_coding,known,"?Arthrogryposis, mental retardation, and seizures",known
ENSG00000181830,SLC35C1,protein_coding,known,"Congenital disorder of glycosylation, type IIc",known
ENSG00000148482,SLC39A12,protein_coding,2,Intellectual Disability,high_candidate
ENSG00000138079,SLC3A1,protein_coding,13,Cystinuria,high_candidate
ENSG00000076351,SLC46A1,protein_coding,known,"Folate malabsorption, hereditary",known
ENSG00000157103,SLC6A1,protein_coding,9,Intellectual Disability,high_candidate
ENSG00000197106,SLC6A17,protein_coding,known,"Mental retardation, autosomal recessive 48",known
ENSG00000142319,SLC6A3,protein_coding,known,"Parkinsonism ?dystonia, infantile",known
ENSG00000130821,SLC6A8,protein_coding,known,Cerebral creatine deficiency syndrome 1,known
ENSG00000155465,SLC7A7,protein_coding,known,Lysinuric protein intolerance,known
ENSG00000198689,SLC9A6,protein_coding,known,"Mental retardation, X-linked syndromic, Christianson type",known
ENSG00000181804,SLC9A9,protein_coding,known,?{Autism susceptibility 16},known
ENSG00000084453,SLCO1A2,protein_coding,2,Intellectual Disability,high_candidate
ENSG00000141646,SMAD4,protein_coding,known,Myhre syndrome,known
ENSG00000080503,SMARCA2,protein_coding,known,Nicolaides-Baraitser syndrome,known
ENSG00000127616,SMARCA4,protein_coding,known,Coffin-Siris syndrome 4,known
ENSG00000099956,SMARCB1,protein_coding,known,Coffin-Siris syndrome 3,known
ENSG00000073584,SMARCE1,protein_coding,known,Coffin-Siris syndrome 5,known
ENSG00000072501,SMC1A,protein_coding,known,Congenital muscular hypertrophy-cerebral syndrome,known
ENSG00000108055,SMC3,protein_coding,known,Cornelia de Lange syndrome 3,known
ENSG00000198732,SMOC1,protein_coding,known,Microphthalmia with limb anomalies,known
ENSG00000166311,SMPD1,protein_coding,known,"Niemann-Pick disease, type A",known
ENSG00000102172,SMS,protein_coding,known,"Mental retardation, X-linked, Snyder-Robinson type",known
ENSG00000099940,SNAP29,protein_coding,known,"Cerebral dysgenesis, neuropathy, ichthyosis, and palmoplantar keratoderma syndrome",known
ENSG00000163877,SNIP1,protein_coding,known,"Psychomotor retardation, epilepsy and craniofacial dysmorphism",known
ENSG00000125835,SNRPB,protein_coding,known,Cerebrocostomandibular syndrome,known
ENSG00000135317,SNX14,protein_coding,known,"Spinocerebellar ataxia, atosomal recessive 20",known
ENSG00000112320,SOBP,protein_coding,known,"Mental retardation, anterior maxillary protrusion, and strabismus",known
ENSG00000115904,SOS1,protein_coding,known,Noonan syndrome 4,known
ENSG00000100146,SOX10,protein_coding,known,PCWH  syndrome,known
ENSG00000176887,SOX11,protein_coding,known,"Mental retardation, autosomal dominant, 27",known
ENSG00000181449,SOX2,protein_coding,known,"Microphthalmia, syndromic 3",known
ENSG00000021574,SPAST,protein_coding,known,"Spastic paraplegia 4, autosomal dominant",known
ENSG00000145375,SPATA5,protein_coding,known,"Epilepsy, hearing loss, and mental retardation syndrome",known
ENSG00000100014,SPECC1L,protein_coding,known,"Opitz GBBB syndrome, type II",known
ENSG00000104133,SPG11,protein_coding,known,"Spastic paraplegia 11, autosomal recessive",known
ENSG00000133104,SPG20,protein_coding,known,Troyer syndrome,known
ENSG00000133710,SPINK5,protein_coding,4,Netherton syndrome,high_candidate
ENSG00000116096,SPR,protein_coding,known,"Dystonia, dopa-responsive, due to sepiapterin reductase deficiency",known
ENSG00000166068,SPRED1,protein_coding,known,Legius syndrome,known
ENSG00000197694,SPTAN1,protein_coding,known,"Epileptic encephalopathy, early infantile, 5",known
ENSG00000173898,SPTBN2,protein_coding,3,Intellectual Disability,high_candidate
ENSG00000080603,SRCAP,protein_coding,known,Floating-Harbor syndrome,known
ENSG00000128039,SRD5A3,protein_coding,known,"Congenital disorder of glycosylation, type Iq",known
ENSG00000198911,SREBF2,protein_coding,3,Intellectual Disability,high_candidate
ENSG00000174780,SRP72,protein_coding,2,Intellectual Disability,high_candidate
ENSG00000102359,SRPX2,protein_coding,known,"?Rolandic epilepsy, mental retardation, and speech dyspraxia",known
ENSG00000180879,SSR4,protein_coding,5,"Congenital disorder of glycosylation, type Iy",high_candidate
ENSG00000126091,ST3GAL3,protein_coding,known,"Mental retardation, autosomal recessive 12",known
ENSG00000115525,ST3GAL5,protein_coding,known,Amish infantile epilepsy syndrome,known
ENSG00000124356,STAMBP,protein_coding,known,Microcephaly-capillary malformation syndrome,known
ENSG00000123473,STIL,protein_coding,known,"Microcephaly 7, primary, autosomal recessive",known
ENSG00000137868,STRA6,protein_coding,known,"Microphthalmia, syndromic 9",known
ENSG00000134910,STT3A,protein_coding,known,"?Congenital disorder of glycosylation, type Iw",known
ENSG00000163527,STT3B,protein_coding,known,"Congenital disorder of glycosylation, type Ix",known
ENSG00000106089,STX1A,protein_coding,2,Intellectual Disability,high_candidate
ENSG00000136854,STXBP1,protein_coding,known,"Epileptic encephalopathy, early infantile, 4",known
ENSG00000136143,SUCLA2,protein_coding,known,Mitochondrial DNA depletion syndrome 5 (encephalomyopathic with or without methylmalonic aciduria),known
ENSG00000163541,SUCLG1,protein_coding,known,Mitochondrial DNA depletion syndrome 9 (encephalomyopathic type with methylmalonic aciduria),known
ENSG00000144455,SUMF1,protein_coding,known,Multiple sulfatase deficiency,known
ENSG00000139531,SUOX,protein_coding,known,Sulfite oxidase deficiency,known
ENSG00000008056,SYN1,protein_coding,known,"Epilepsy, X?linked, with variable learning disabilities and behavior disorders",known
ENSG00000135316,SYNCRIP,protein_coding,2,Intellectual Disability,high_candidate
ENSG00000131018,SYNE1,protein_coding,known,"Emery-Dreifuss muscular dystrophy 4, autosomal dominant",known
ENSG00000197283,SYNGAP1,protein_coding,known,"Mental retardation, autosomal dominant 5",known
ENSG00000102003,SYP,protein_coding,known,"Mental retardation, X-linked 96",known
ENSG00000198198,SZT2,protein_coding,2,"Epileptic encephalopathy, early infantile, 18",high_candidate
ENSG00000136463,TACO1,protein_coding,known,Mitochondrial complex IV deficiency,known
ENSG00000147133,TAF1,protein_coding,2,Intellectual Disability,high_candidate
ENSG00000064313,TAF2,protein_coding,known,"Mental retardation, autosomal recessive 40",known
ENSG00000170921,TANC2,protein_coding,2,Intellectual Disability,high_candidate
ENSG00000198650,TAT,protein_coding,known,"Tyrosinemia, type II",known
ENSG00000125875,TBC1D20,protein_coding,known,Warburg micro syndrome 4,known
ENSG00000162065,TBC1D24,protein_coding,known,DOOR syndrome,known
ENSG00000145979,TBC1D7,protein_coding,known,Macrocephaly?megalencephaly syndrome,known
ENSG00000116957,TBCE,protein_coding,known,Hypoparathyroidism-retardation-dysmorphism syndrome,known
ENSG00000177565,TBL1XR1,protein_coding,known,"Mental retardation, autosomal dominant 41",known
ENSG00000136535,TBR1,protein_coding,4,Intellectual Disability,high_candidate
ENSG00000184058,TBX1,protein_coding,known,Velocardiofacial syndrome,known
ENSG00000122145,TBX22,protein_coding,known,?Abruzzo-Erickson syndrome,known
ENSG00000100207,TCF20,protein_coding,6,Intellectual Disability,high_candidate
ENSG00000196628,TCF4,protein_coding,known,Pitt?Hopkins syndrome,known
ENSG00000185339,TCN2,protein_coding,known,Transcobalamin II deficiency,known
ENSG00000119977,TCTN3,protein_coding,known,Joubert syndrome 18,known
ENSG00000099797,TECR,protein_coding,known,"Mental retardation, autosomal recessive 14",known
ENSG00000218336,TENM3,protein_coding,3,Intellectual Disability,high_candidate
ENSG00000164362,TERT,protein_coding,known,"Dyskeratosis congenita, autosomal recessive 1",known
ENSG00000137203,TFAP2A,protein_coding,known,Branchiooculofacial syndrome,known
ENSG00000008196,TFAP2B,protein_coding,known,Char syndrome,known
ENSG00000088451,TGDS,protein_coding,5,Catel-Manzke syndrome,high_candidate
ENSG00000106799,TGFBR1,protein_coding,known,"Loeys?Dietz syndrome, type 1A",known
ENSG00000163513,TGFBR2,protein_coding,known,Loeys-Dietz syndrome 2,known
ENSG00000177426,TGIF1,protein_coding,known,Holoprosencephaly 4,known
ENSG00000125676,THOC2,protein_coding,known,"MENTAL RETARDATION, X-LINKED 12",known
ENSG00000131652,THOC6,protein_coding,known,Beaulieu-Boycott-Innes syndrome,known
ENSG00000151090,THRB,protein_coding,known,"Thyroid hormone resistance, autosomal recessive",known
ENSG00000134077,THUMPD3,protein_coding,2,Intellectual Disability,high_candidate
ENSG00000146872,TLK2,protein_coding,4,Intellectual Disability,high_candidate
ENSG00000143183,TMCO1,protein_coding,known,"Craniofacial dysmorphism, skeletal anomalies, and mental retardation syndrome",known
ENSG00000134851,TMEM165,protein_coding,known,"Congenital disorder of glycosylation, type Iik",known
ENSG00000187049,TMEM216,protein_coding,known,Joubert syndrome 2,known
ENSG00000205084,TMEM231,protein_coding,known,Joubert syndrome 20,known
ENSG00000155755,TMEM237,protein_coding,known,Joubert syndrome 14,known
ENSG00000205090,TMEM240,protein_coding,known,Spinocerebellar ataxia 21,known
ENSG00000164953,TMEM67,protein_coding,known,COACH syndrome,known
ENSG00000175606,TMEM70,protein_coding,2,"Mitochondrial complex V (ATP synthase) deficiency, nuclear type 2",high_candidate
ENSG00000185973,TMLHE,protein_coding,known,Epsilon?trimethyllysine hydrolylase deficiency,known
ENSG00000107854,TNKS2,protein_coding,2,Intellectual Disability,high_candidate
ENSG00000118194,TNNT2,protein_coding,known,Costello syndrome,known
ENSG00000100354,TNRC6B,protein_coding,3,Intellectual Disability,high_candidate
ENSG00000111669,TPI1,protein_coding,7,Hemolytic anemia due to triosephosphate isomerase deficiency,high_candidate
ENSG00000268548,TPI1,protein_coding,7,Hemolytic anemia due to triosephosphate isomerase deficiency,high_candidate
ENSG00000166340,TPP1,protein_coding,known,"Spinocerebellar ataxia, autosomal recessive 7",known
ENSG00000166157,TPTE,protein_coding,known,Macrocephaly?megalencephaly syndrome,known
ENSG00000168538,TRAPPC11,protein_coding,known,Muscular dystrophy limb?girdle type 2S,known
ENSG00000167632,TRAPPC9,protein_coding,known,"Mental retardation, autosomal recessive 13",known
ENSG00000213689,TREX1,protein_coding,known,"Aicardi?Goutieres syndrome 1, dominant and recessive",known
ENSG00000108395,TRIM37,protein_coding,known,Mulibrey nanism,known
ENSG00000153827,TRIP12,protein_coding,2,Intellectual Disability,high_candidate
ENSG00000145331,TRMT10A,protein_coding,known,"Microcephaly, short stature, and impaired glucose metabolism 1",known
ENSG00000072756,TRNT1,protein_coding,5,"Sideroblastic anemia with B-cell immunodeficiency, periodic fevers, and developmental delay",high_candidate
ENSG00000165699,TSC1,protein_coding,known,Tuberous sclerosis?1,known
ENSG00000103197,TSC2,protein_coding,known,Tuberous sclerosis?2,known
ENSG00000182173,TSEN54,protein_coding,known,Pontocerebellar hypoplasia type 2A,known
ENSG00000123297,TSFM,protein_coding,3,Combined oxidative phosphorylation deficiency 3,high_candidate
ENSG00000134200,TSHB,protein_coding,known,"Hypothryoidism, congenital, nongoitrous 4",known
ENSG00000165409,TSHR,protein_coding,known,"Hyperthyroidism, nonautoimmune",known
ENSG00000156298,TSPAN7,protein_coding,known,"Mental retardation, X-linked 58",known
ENSG00000011295,TTC19,protein_coding,known,"Mitochondrial complex III deficiency, nuclear type 2",known
ENSG00000165533,TTC8,protein_coding,known,Bardet-Biedl syndrome 8,known
ENSG00000129696,TTI2,protein_coding,known,"Mental retardation, autosomal recessive 39",known
ENSG00000167552,TUBA1A,protein_coding,known,Lissencephaly 3,known
ENSG00000183785,TUBA8,protein_coding,known,Polymicrogyria with optic nerve hypoplasia,known
ENSG00000196230,TUBB,protein_coding,3,"Cortical dysplasia, complex, with other brain malformations 6",high_candidate
ENSG00000137285,TUBB2B,protein_coding,known,"Polymicrogyria, symmetric or asymmetric",known
ENSG00000258947,TUBB3,protein_coding,known,"Cortical dysplasia, complex, with other brain malformations 1",known
ENSG00000104833,TUBB4A,protein_coding,known,"Leukodystrophy, hypomyelinating, 6",known
ENSG00000131462,TUBG1,protein_coding,3,"Cortical dysplasia, complex, with other brain malformations 4",high_candidate
ENSG00000137822,TUBGCP4,protein_coding,2,"Microcephaly and chorioretinopathy, autosomal recessive, 3",high_candidate
ENSG00000128159,TUBGCP6,protein_coding,known,"Microcephaly and chorioretinopathy, autosomal recessive, 1",known
ENSG00000104723,TUSC3,protein_coding,known,"Mental retardation, autosomal recessive 7",known
ENSG00000122691,TWIST1,protein_coding,known,"Craniosynostosis, type 1",known
ENSG00000143569,UBAP2L,protein_coding,2,Intellectual Disability,high_candidate
ENSG00000077721,UBE2A,protein_coding,known,"Mental retardation, X-linked syndromic, Nascimento-type",known
ENSG00000114062,UBE3A,protein_coding,known,Angelman syndrome,known
ENSG00000151148,UBE3B,protein_coding,known,Kaufman oculocerebrofacial syndrome,known
ENSG00000159459,UBR1,protein_coding,known,Johanson-Blizzard syndrome,known
ENSG00000114491,UMPS,protein_coding,known,Orotic aciduria,known
ENSG00000100024,UPB1,protein_coding,known,Beta-ureidopropionase deficiency,known
ENSG00000125351,UPF3B,protein_coding,known,"Mental retardation, X-linked, syndromic 14",known
ENSG00000164405,UQCRQ,protein_coding,known,"Mitochondrial complex III deficiency, nuclear type 4",known
ENSG00000159650,UROC1,protein_coding,known,?Urocanase deficiency,known
ENSG00000109189,USP46,protein_coding,2,Intellectual Disability,high_candidate
ENSG00000187555,USP7,protein_coding,3,Intellectual Disability,high_candidate
ENSG00000124486,USP9X,protein_coding,known,"Mental retardation, X-linked 99",known
ENSG00000173511,VEGFB,protein_coding,2,Intellectual Disability,high_candidate
ENSG00000151445,VIPAS39,protein_coding,5,"Arthrogryposis, renal dysfunction, and cholestasis 2",high_candidate
ENSG00000147852,VLDLR,protein_coding,known,Cerebellar hypoplasia and mental retardation with or without quadrupedal locomotion 1,known
ENSG00000132549,VPS13B,protein_coding,known,Cohen syndrome,known
ENSG00000184056,VPS33B,protein_coding,6,"Arthrogryposis, renal dysfunction, and cholestasis 1",high_candidate
ENSG00000069329,VPS35,protein_coding,known,{Parkinson disease 17},known
ENSG00000141252,VPS53,protein_coding,known,"Pontocerebellar hypoplasia, type 2E",known
ENSG00000100749,VRK1,protein_coding,known,Pontocerebellar hypoplasia type 1A,known
ENSG00000165633,VSTM4,protein_coding,2,Intellectual Disability,high_candidate
ENSG00000095787,WAC,protein_coding,5,Intellectual Disability,high_candidate
ENSG00000119333,WDR34,protein_coding,7,Intellectual Disability,high_candidate
ENSG00000196998,WDR45,protein_coding,known,Neurodegeneration with brain iron accululation 5,known
ENSG00000075702,WDR62,protein_coding,known,"Microcephaly 2, primary, autosomal recessive, with or without cortical malformations",known
ENSG00000177082,WDR73,protein_coding,known,Galloway-Mowat syndrome,known
ENSG00000167716,WDR81,protein_coding,known,"Cerebellar ataxia, mental retardation, and dysequilibrium syndrome 2",known
ENSG00000109501,WFS1,protein_coding,known,Wolfram syndrome,known
ENSG00000114251,WNT5A,protein_coding,known,"Robinow syndrome, autosomal dominant 1",known
ENSG00000186153,WWOX,protein_coding,known,"Epileptic encephalopathy, early infantile, 1",known
ENSG00000136936,XPA,protein_coding,known,"Xeroderma pigmentosum, group A",known
ENSG00000196236,XPNPEP3,protein_coding,known,Nephronophthisis-like nephropathy 1,known
ENSG00000103489,XYLT1,protein_coding,known,Desbuquois dysplasia 2,known
ENSG00000137693,YAP1,protein_coding,known,"Coloboma, ocular, with or without hearing impairment, cleft lip/palate, and/or mental retardation",known
ENSG00000109906,ZBTB16,protein_coding,known,"Skeletal defects, genital hypoplasia, and mental retardation",known
ENSG00000179456,ZBTB18,protein_coding,known,"?Mental retardation, autosomal dominant 22",known
ENSG00000181722,ZBTB20,protein_coding,known,Primrose syndrome,known
ENSG00000112365,ZBTB24,protein_coding,known,Immunodeficiency-centromeric instability-facial anomalies syndrome-2,known
ENSG00000100722,ZC3H14,protein_coding,known,"Mental retardation, autosomal recessive 56",known
ENSG00000126970,ZC4H2,protein_coding,known,Wieacker-Wolff syndrome,known
ENSG00000188706,ZDHHC9,protein_coding,known,"Mental retardation, X-linked syndromic, Raymond type",known
ENSG00000169554,ZEB2,protein_coding,known,Mowat-Wilson syndrome,known
ENSG00000072121,ZFYVE26,protein_coding,known,"Spastic paraplegia 15, autosomal recessive",known
ENSG00000152977,ZIC1,protein_coding,4,Craniosynostosis 6,high_candidate
ENSG00000043355,ZIC2,protein_coding,known,Holoprosencephaly 5,known
ENSG00000163867,ZMYM6,protein_coding,2,Intellectual Disability,high_candidate
ENSG00000015171,ZMYND11,protein_coding,known,"Mental retardation, autosomal dominant 30",known
ENSG00000267680,ZNF224,protein_coding,2,Intellectual Disability,high_candidate
ENSG00000188994,ZNF292,protein_coding,2,Intellectual Disability,high_candidate
ENSG00000198026,ZNF335,protein_coding,2,"Microcephaly 10, primary, autosomal recessive",high_candidate
ENSG00000173258,ZNF483,protein_coding,2,Intellectual Disability,high_candidate
ENSG00000147180,ZNF711,protein_coding,known,"Mental retardation, X-linked 97",known
ENSG00000197779,ZNF81,protein_coding,known,"Mental retardation, X-linked 45",known
ENSG00000130449,ZSWIM6,protein_coding,known,Acromelic frontonasal dysostosis,known
